Symbol,Name,Asset Class,Assets,Avg. Daily Volume,Price,Inverse,Leveraged,Smart Beta,Currency Hedged,1 Week Returns,1 Month Returns,YTD Price Change,1 Year Returns,3 Year Returns,5 Year Returns,1 Week FF,4 Week FF,YTD FF,1 Year FF,3 Year FF,5 Year FF,Investment Style,Inception,ER,Annual Dividend Rate,Dividend Date,Dividend,Annual Dividend Yield %,Dividend Frequency,Standard Deviation,P/E Ratio,5-Day Volatility,20-Day Volatility,50-Day Volatility,200-Day Volatility,Issuer,Tax Form,Liquidity,Expenses,Performance,Volatility,ETF Database Pro,Dividend.1,Concentration,Current Price,Previous Close,Daily Change (%),YTD Return (%),1M Return (%),3M Return (%),1Y Return (%),Trailing Dividend Yield (%),Annual Dividend ($),Last Dividend ($),Volatility (%),Sharpe Ratio,52-Week High,52-Week Low,Avg Volume (30d),Last Updated,Beta,AUM,CURRENT_YIELD
RLY,State Street Multi-Asset Real Return ETF,Alternatives,"$644,780,000.00",73859,$31.77,FALSE,FALSE,FALSE,FALSE,-5.00%,209.00%,102.00%,2062.00%,850.00%,1110.00%,$1.58,$10.20,$0.0,$72.14,-$62.93,$538.54,Miscellaneous,2012-04-25,50.00%,$1.02,2025-12-29,$0.67,320.00%,Quarterly,159.00%,,3877.00%,983.00%,954.00%,897.00%,State Street,1099,A,A,B+,B+,A+,A-,B+,$36.00,$36.19,-53.00%,1331.00%,324.00%,1592.00%,3106.00%,283.00%,$1.02,$0.67,1310.00%,2.07,$36.36,$24.81,"259,927",2026-03-18 18:11:22,0.57,"863,995,648",0
RINF,ProShares Inflation Expectations ETF,Alternatives,"$17,981,200.00",2744,$32.28,FALSE,FALSE,FALSE,FALSE,69.00%,87.00%,23.00%,137.00%,387.00%,721.00%,$0.00,$0.00,$0.0,-$4.37,-$41.84,$9.38,Miscellaneous,2012-01-10,30.00%,$1.25,2025-12-24,$0.36,388.00%,Quarterly,31.00%,,1181.00%,273.00%,338.00%,392.00%,Proshare Advisors LLC,1099,C,,C,B-,C+,A,B,$32.17,$32.17,0.00%,-34.00%,50.00%,19.00%,259.00%,390.00%,$1.25,$0.36,552.00%,-0.26,$32.60,$30.57,"3,859",2026-03-18 18:11:23,0.05,"17,179,280",0
RYSE,Vest 10 Year Interest Rate Hedge ETF,Alternatives,"$1,749,300.00",198,$23.46,FALSE,FALSE,FALSE,FALSE,119.00%,287.00%,23.00%,-290.00%,,,$0.00,$0.00,$0.0,-$0.57,$2.37,$2.37,Miscellaneous,2023-02-02,88.00%,$0.44,2025-12-31,$0.08,186.00%,Quarterly,65.00%,,5017.00%,713.00%,901.00%,1021.00%,Cboe,1099,B-,C+,,C+,B-,A-,,$23.08,$23.08,0.00%,-158.00%,179.00%,10.00%,-133.00%,189.00%,$0.44,$0.08,1246.00%,-0.43,$23.91,$21.80,237,2026-03-18 18:11:24,-0.5,"1,663,736",0
HYKE,Vest 2 Year Interest Rate Hedge ETF,Alternatives,"$1,251,500.00",106,$25.14,FALSE,FALSE,FALSE,FALSE,19.00%,36.00%,11.00%,-524.00%,,,$0.00,$0.00,$0.0,$0.00,$1.35,$1.35,Miscellaneous,2024-01-10,90.00%,$0.47,2025-12-31,$0.09,188.00%,Quarterly,80.00%,,4947.00%,932.00%,1071.00%,1108.00%,Cboe,1099,,C+,,,,,,$26.30,$26.25,20.00%,464.00%,509.00%,511.00%,233.00%,179.00%,$0.47,$0.09,1423.00%,-0.12,$26.59,$23.31,100,2026-03-18 18:11:25,0.13,"1,237,888",0
AGG,iShares Core U.S. Aggregate Bond ETF,Bond,"$135,645,000,000.00",8775070,$99.85,FALSE,False,FALSE,FALSE,-19.00%,12.00%,-3.00%,715.00%,468.00%,-40.00%,$380.14,"$1,239.03",$0.0,"$11,553.81","$49,446.33","$63,657.99",Intermediate Term Bond,2003-09-22,3.00%,$3.88,2025-12-19,$0.33,389.00%,Monthly,225.00%,,689.00%,265.00%,294.00%,321.00%,"BlackRock, Inc.",1099,A+,,A-,C+,A-,C+,A,$99.71,$99.80,-9.00%,50.00%,-97.00%,36.00%,526.00%,391.00%,$3.90,$0.32,424.00%,0.3,$101.14,$92.76,"8,746,410",2026-03-18 18:11:26,0.25,"141,223,149,568",0.024872
BND,Vanguard Total Bond Market ETF,Bond,"$146,472,000,000.00",7756922,$74.04,FALSE,False,FALSE,FALSE,-20.00%,5.00%,-4.00%,699.00%,466.00%,-45.00%,$319.27,"$2,037.64",$0.0,"$20,911.90","$57,753.16","$90,908.94",Intermediate Term Bond,2007-04-03,3.00%,$3.09,2025-12-18,$0.25,417.00%,Monthly,164.00%,,684.00%,259.00%,293.00%,317.00%,Vanguard,1099,A,,A-,B-,A-,C+,A+,$73.93,$73.98,-7.00%,48.00%,-96.00%,33.00%,510.00%,389.00%,$2.88,$0.23,417.00%,0.26,$75.00,$68.91,"9,001,066",2026-03-18 18:11:27,0.26,"395,346,083,840",0.038904
VCIT,Vanguard Intermediate-Term Corporate Bond ETF,Bond,"$59,705,000,000.00",10084924,$83.74,FALSE,False,FALSE,FALSE,-27.00%,16.00%,-1.00%,929.00%,713.00%,77.00%,$0.28,$974.06,$0.0,"$8,656.26","$16,413.17","$23,384.34",Miscellaneous,2009-11-19,3.00%,$4.18,2025-12-18,$0.34,499.00%,Monthly,247.00%,,1404.00%,303.00%,328.00%,340.00%,Vanguard,1099,A,,B+,B-,A,B-,A,$83.10,$83.18,-10.00%,-2.00%,-134.00%,-6.00%,708.00%,470.00%,$3.90,$0.30,465.00%,0.66,$84.54,$75.35,"12,598,148",2026-03-18 18:11:28,0.33,"68,527,529,984",0.046968
BNDX,Vanguard Total International Bond ETF,Bond,"$74,329,700,000.00",3973166,$48.31,FALSE,False,FALSE,FALSE,-23.00%,-23.00%,-2.00%,276.00%,503.00%,-25.00%,$450.61,"$1,894.56",$0.0,"$13,418.63","$29,346.01","$46,060.75",Intermediate Term Bond,2013-06-04,7.00%,$3.14,2025-12-18,$0.97,650.00%,Monthly,60.00%,,567.00%,187.00%,207.00%,242.00%,Vanguard,1099,A,,A,B+,A,B-,,$48.24,$48.30,-13.00%,28.00%,-116.00%,22.00%,373.00%,443.00%,$2.14,$0.10,291.00%,-0.09,$49.13,$46.40,"5,409,358",2026-03-18 18:11:28,0.22,"118,794,993,664",0
VCSH,Vanguard Short-Term Corporate Bond ETF,Bond,"$40,115,100,000.00",4569061,$79.76,FALSE,False,FALSE,FALSE,4.00%,49.00%,4.00%,678.00%,597.00%,222.00%,-$38.77,-$125.08,$0.0,"$4,610.72","-$2,597.14","$6,072.51",Miscellaneous,2009-11-19,3.00%,$3.74,2025-12-18,$0.30,469.00%,Monthly,157.00%,,526.00%,135.00%,145.00%,153.00%,Vanguard,1099,A,,B-,B+,A,C+,A,$79.31,$79.34,-4.00%,14.00%,-64.00%,31.00%,545.00%,440.00%,$3.49,$0.27,218.00%,0.66,$79.99,$74.52,"5,790,109",2026-03-18 18:11:29,0.13,"48,297,553,920",0.044017
BSV,Vanguard Short-Term Bond ETF,Bond,"$42,448,300,000.00",3505681,$78.80,FALSE,False,FALSE,FALSE,1.00%,34.00%,-1.00%,599.00%,488.00%,152.00%,$181.21,$795.44,$0.0,"$8,151.59","$3,159.45","$15,044.44",Intermediate Term Bond,2007-04-03,3.00%,$3.26,2025-12-18,$0.27,414.00%,Monthly,136.00%,,633.00%,123.00%,137.00%,147.00%,Vanguard,1099,A,,A-,A-,A,C,A,$78.53,$78.57,-6.00%,29.00%,-39.00%,35.00%,477.00%,389.00%,$3.06,$0.24,193.00%,0.4,$79.08,$74.86,"2,539,804",2026-03-18 18:11:30,0.09,"69,992,046,592",0
LQD,iShares iBoxx $ Investment Grade Corporate Bond ETF,Bond,"$30,167,500,000.00",31181027,$110.16,FALSE,False,FALSE,FALSE,-43.00%,-23.00%,-3.00%,785.00%,598.00%,-84.00%,-$265.52,"-$2,818.22",$0.0,$434.89,"-$6,445.68","-$16,663.46",Miscellaneous,2002-07-22,14.00%,$4.94,2025-12-19,$0.44,448.00%,Monthly,309.00%,,4173.00%,413.00%,452.00%,472.00%,"BlackRock, Inc.",1099,A+,,A,C,A,C+,A,$109.28,$109.30,-2.00%,-9.00%,-183.00%,-32.00%,540.00%,450.00%,$4.92,$0.38,639.00%,0.22,$111.55,$99.30,"44,642,514",2026-03-18 18:11:31,0.46,"31,986,212,864",0.0292
TIP,iShares TIPS Bond ETF,Bond,"$13,905,200,000.00",2867825,$109.86,FALSE,False,FALSE,FALSE,-17.00%,-27.00%,-5.00%,655.00%,403.00%,86.00%,$22.02,-$483.92,$0.0,$338.67,"-$9,421.94","-$7,146.79",Miscellaneous,2003-12-04,18.00%,$3.80,2025-12-19,$0.34,346.00%,Monthly,227.00%,,1241.00%,233.00%,298.00%,317.00%,"BlackRock, Inc.",1099,A,,B+,B+,A,C+,A-,$111.50,$111.45,4.00%,149.00%,24.00%,121.00%,532.00%,341.00%,$3.80,$0.34,408.00%,0.32,$111.98,$103.53,"2,495,190",2026-03-18 18:11:32,0.26,"14,353,089,536",0.011211
MBB,iShares MBS ETF,Bond,"$39,094,800,000.00",3247469,$95.14,FALSE,False,FALSE,FALSE,-23.00%,41.00%,-8.00%,838.00%,483.00%,5.00%,$0.00,-$85.64,$0.0,"$1,923.87","$14,476.39","$16,394.49",Miscellaneous,2007-03-13,4.00%,$4.00,2025-12-19,$0.33,421.00%,Monthly,240.00%,,825.00%,318.00%,353.00%,374.00%,"BlackRock, Inc.",1099,A+,A,B+,A-,A,A-,A,$95.35,$95.51,-17.00%,91.00%,-69.00%,81.00%,663.00%,420.00%,$4.01,$0.33,478.00%,0.55,$96.64,$87.38,"2,501,769",2026-03-18 18:11:33,0.26,"39,822,569,472",0.042003
MUB,iShares National Muni Bond ETF,Bond,"$41,515,900,000.00",3641600,$107.24,FALSE,False,FALSE,FALSE,33.00%,61.00%,12.00%,378.00%,356.00%,78.00%,$85.45,$96.12,$0.0,$990.49,"$9,073.54","$22,936.50",Miscellaneous,2007-09-07,5.00%,$3.36,2025-12-19,$0.29,314.00%,Monthly,193.00%,,747.00%,125.00%,179.00%,239.00%,"BlackRock, Inc.",1099,A,,B+,B,A+,B,A+,$107.13,$107.22,-8.00%,43.00%,-84.00%,90.00%,440.00%,316.00%,$3.38,$0.29,399.00%,0.1,$108.71,$97.39,"3,416,685",2026-03-18 18:11:34,0.24,"43,211,128,832",0
IGSB,iShares 1-5 Year Investment Grade Corporate Bond ETF,Bond,"$21,630,400,000.00",2792652,$52.89,FALSE,False,FALSE,FALSE,-2.00%,45.00%,2.00%,693.00%,611.00%,231.00%,-$26.41,-$84.46,$0.0,$286.03,"-$2,755.44",$305.99,Miscellaneous,2007-01-05,4.00%,$2.35,2025-12-19,$0.20,445.00%,Monthly,107.00%,,920.00%,140.00%,146.00%,156.00%,"BlackRock, Inc.",1099,A,,B,B+,A-,C+,,$52.60,$52.64,-7.00%,20.00%,-60.00%,34.00%,555.00%,451.00%,$2.37,$0.20,219.00%,0.71,$53.05,$49.41,"3,419,454",2026-03-18 18:11:36,0.12,"22,609,162,240",0
SCHP,Schwab U.S. TIPS ETF,Bond,"$14,658,000,000.00",3703294,$26.48,FALSE,False,FALSE,FALSE,-11.00%,-28.00%,-4.00%,680.00%,416.00%,103.00%,$26.53,$50.82,$0.0,"$2,877.29",$501.11,"$3,309.09",Miscellaneous,2010-08-05,3.00%,$1.08,2025-12-19,$0.18,406.00%,Monthly,56.00%,,1173.00%,220.00%,287.00%,307.00%,The Charles Schwab Corp.,1099,A+,,A-,B,A,B-,B+,$26.88,$26.87,3.00%,150.00%,22.00%,130.00%,545.00%,394.00%,$1.06,$0.18,400.00%,0.36,$26.99,$24.92,"3,855,549",2026-03-18 18:11:37,0.26,"15,634,319,360",0
HYG,iShares iBoxx $ High Yield Corporate Bond ETF,Bond,"$19,836,700,000.00",41184691,$80.67,FALSE,False,FALSE,FALSE,9.00%,72.00%,5.00%,838.00%,937.00%,386.00%,-$225.51,$822.31,$0.0,"$4,956.02","$2,472.08","-$4,855.70",Miscellaneous,2007-04-04,49.00%,$4.61,2025-12-19,$0.38,571.00%,Monthly,209.00%,,1519.00%,221.00%,282.00%,333.00%,"BlackRock, Inc.",1099,A+,,B,B-,A-,C+,A,$79.71,$79.81,-12.00%,-21.00%,-87.00%,13.00%,705.00%,585.00%,$4.67,$0.39,535.00%,0.57,$80.61,$71.18,"53,700,744",2026-03-18 18:11:38,0.41,"16,744,919,040",0.047707
EMB,iShares J.P. Morgan USD Emerging Markets Bond ETF,Bond,"$16,706,100,000.00",6842422,$96.30,FALSE,False,FALSE,FALSE,-25.00%,69.00%,2.00%,1349.00%,996.00%,113.00%,-$77.03,$537.04,$0.0,"$2,155.47",$431.18,"$1,137.10",Miscellaneous,2007-12-17,39.00%,$5.05,2025-12-19,$0.38,524.00%,Monthly,388.00%,,523.00%,348.00%,395.00%,440.00%,"BlackRock, Inc.",1099,A+,B,B+,C+,A-,B,A,$94.84,$95.10,-27.00%,-68.00%,-245.00%,-70.00%,975.00%,504.00%,$4.78,$0.40,648.00%,0.89,$97.40,$80.93,"11,399,550",2026-03-18 18:11:39,0.52,"16,457,582,592",0.050443
SHY,iShares 1-3 Year Treasury Bond ETF,Bond,"$23,628,300,000.00",4136116,$82.86,FALSE,False,FALSE,FALSE,8.00%,43.00%,5.00%,502.00%,436.00%,164.00%,-$74.59,-$107.94,$0.0,$627.01,"-$4,396.24","$4,902.64",Miscellaneous,2002-07-22,15.00%,$3.15,2025-12-19,$0.26,380.00%,Monthly,116.00%,,137.00%,91.00%,99.00%,109.00%,"BlackRock, Inc.",1099,A,,A-,A-,A-,B-,B+,$82.61,$82.66,-5.00%,27.00%,-23.00%,38.00%,410.00%,375.00%,$3.10,$0.22,139.00%,0.07,$82.98,$79.31,"4,908,964",2026-03-18 18:11:40,0.05,"24,914,546,688",0.003789
JPST,JPMorgan Ultra-Short Income ETF,Bond,"$35,521,800,000.00",5679158,$50.62,FALSE,False,FALSE,FALSE,9.00%,43.00%,6.00%,500.00%,525.00%,338.00%,$0.00,$65.86,$0.0,"$7,224.01","$11,290.80","$19,828.17",Miscellaneous,2017-05-17,18.00%,$2.24,2025-12-31,$0.18,443.00%,Monthly,71.00%,,0.00%,39.00%,45.00%,51.00%,JP Morgan,1099,A,,C+,A,A,B,,$50.57,$50.57,-1.00%,56.00%,4.00%,78.00%,451.00%,436.00%,$2.21,$0.17,60.00%,0.86,$50.61,$48.34,"6,462,127",2026-03-18 18:11:40,0.01,"37,441,003,520",0
VTIP,Vanguard Short-Term Inflation-Protected Securities ETF,Bond,"$17,343,100,000.00",1810264,$49.45,FALSE,False,FALSE,FALSE,2.00%,7.00%,-2.00%,597.00%,530.00%,361.00%,$43.94,$361.81,$0.0,"$5,107.17",$523.40,"$8,519.66",Miscellaneous,2012-10-12,3.00%,$2.41,2025-12-18,$0.71,488.00%,Quarterly,85.00%,,251.00%,80.00%,118.00%,134.00%,Vanguard,1099,A,,B-,A,B+,C+,B-,$50.10,$50.08,5.00%,132.00%,84.00%,137.00%,528.00%,376.00%,$1.88,$0.71,190.00%,0.67,$50.13,$47.54,"1,949,612",2026-03-18 18:11:41,0.1,"65,207,853,056",0.037581
IUSB,iShares Core Total USD Bond Market ETF,Bond,"$34,527,800,000.00",3339586,$46.53,FALSE,False,FALSE,FALSE,-21.00%,16.00%,-2.00%,735.00%,521.00%,-2.00%,$228.41,$781.82,$0.0,"$1,592.87","$14,306.42","$30,684.45",Intermediate Term Bond,2014-06-10,6.00%,$1.94,2025-12-19,$0.17,417.00%,Monthly,107.00%,,994.00%,247.00%,277.00%,296.00%,"BlackRock, Inc.",1099,A,,B+,B,B+,B-,,$46.40,$46.44,-9.00%,41.00%,-101.00%,29.00%,549.00%,421.00%,$1.95,$0.16,399.00%,0.37,$47.07,$43.05,"3,555,902",2026-03-18 18:11:43,0.26,"36,208,422,912",0
GOVT,iShares U.S. Treasury Bond ETF,Bond,"$33,572,800,000.00",8171308,$23.01,FALSE,False,FALSE,FALSE,-17.00%,-9.00%,-4.00%,608.00%,361.00%,-97.00%,$92.22,$306.74,$0.0,"$3,290.28","$11,131.57","$22,097.05",Miscellaneous,2012-02-14,5.00%,$0.80,2025-12-19,$0.07,348.00%,Monthly,44.00%,,1055.00%,243.00%,282.00%,310.00%,"BlackRock, Inc.",1099,A,,B-,B-,B,C,B+,$22.99,$23.02,-12.00%,45.00%,-88.00%,29.00%,412.00%,351.00%,$0.81,$0.06,400.00%,0.03,$23.33,$21.79,"13,792,078",2026-03-18 18:11:44,0.19,"36,179,087,360",0.035099
IEF,iShares 7-10 Year Treasury Bond ETF,Bond,"$45,607,800,000.00",8579019,$96.08,FALSE,False,FALSE,FALSE,-37.00%,-31.00%,-8.00%,788.00%,366.00%,-179.00%,$0.00,"$1,059.00",$0.0,"$12,893.87","$22,780.22","$35,011.71",Miscellaneous,2002-07-22,15.00%,$3.62,2025-12-19,$0.31,377.00%,Monthly,238.00%,,1503.00%,318.00%,375.00%,397.00%,"BlackRock, Inc.",1099,A,,B-,B-,B-,C,B-,$96.09,$96.19,-10.00%,63.00%,-86.00%,23.00%,543.00%,380.00%,$3.65,$0.28,522.00%,0.27,$97.77,$89.62,"10,240,836",2026-03-18 18:11:45,0.26,"48,742,821,888",0.00972
TLT,iShares 20+ Year Treasury Bond ETF,Bond,"$47,813,500,000.00",32116098,$87.03,FALSE,False,FALSE,FALSE,-81.00%,-158.00%,-15.00%,380.00%,-55.00%,-839.00%,-$351.11,-$751.12,$0.0,"-$2,507.05","$26,389.15","$44,051.99",Miscellaneous,2002-07-22,15.00%,$3.86,2025-12-19,$0.34,444.00%,Monthly,223.00%,,2241.00%,675.00%,769.00%,894.00%,"BlackRock, Inc.",1099,A+,,C,C,B-,B+,C+,$87.43,$87.45,-2.00%,118.00%,-239.00%,20.00%,72.00%,445.00%,$3.89,$0.30,1126.00%,-0.29,$90.56,$80.30,"40,511,043",2026-03-18 18:11:46,0.53,"45,428,621,312",0.024614
VMBS,Vanguard Mortgage-Backed Securities ETF,Bond,"$14,875,700,000.00",1949387,$47.02,FALSE,False,FALSE,FALSE,-23.00%,38.00%,-13.00%,836.00%,505.00%,17.00%,$67.07,$463.29,$0.0,"-$5,320.72",-$234.13,"$3,691.40",Miscellaneous,2009-11-19,3.00%,$2.13,2025-12-18,$0.16,453.00%,Monthly,118.00%,,507.00%,247.00%,330.00%,354.00%,Vanguard,1099,A,A,B,A-,A+,A,A+,$47.14,$47.19,-11.00%,95.00%,-57.00%,84.00%,668.00%,422.00%,$1.99,$0.16,481.00%,0.56,$47.74,$43.14,"1,538,720",2026-03-18 18:11:47,0.26,"16,929,660,928",0
BIV,Vanguard Intermediate-Term Bond ETF,Bond,"$27,150,000,000.00",1746111,$77.85,FALSE,False,FALSE,FALSE,-26.00%,-1.00%,-4.00%,844.00%,534.00%,-20.00%,$93.68,$428.55,$0.0,"$5,387.52","$13,245.27","$13,757.05",Intermediate Term Bond,2007-04-03,3.00%,$3.38,2025-12-18,$0.28,434.00%,Monthly,204.00%,,812.00%,273.00%,321.00%,336.00%,Vanguard,1099,A,,A+,C+,A-,C+,A-,$77.58,$77.65,-8.00%,33.00%,-99.00%,15.00%,620.00%,408.00%,$3.16,$0.25,440.00%,0.5,$78.84,$71.71,"2,110,421",2026-03-18 18:11:48,0.26,"52,722,913,280",0
VTEB,Vanguard Tax-Exempt Bond ETF,Bond,"$42,501,900,000.00",5303036,$50.37,FALSE,False,FALSE,FALSE,30.00%,52.00%,16.00%,374.00%,376.00%,78.00%,$65.33,$481.22,$0.0,"$6,554.44","$17,398.40","$32,995.55",Miscellaneous,2015-08-21,3.00%,$1.79,2025-12-18,$0.14,356.00%,Monthly,93.00%,,2909.00%,111.00%,172.00%,230.00%,Vanguard,1099,A+,,,B,,B,,$50.33,$50.34,-3.00%,48.00%,-78.00%,90.00%,448.00%,333.00%,$1.68,$0.15,390.00%,0.12,$51.03,$45.59,"8,183,718",2026-03-18 18:11:48,0.25,"44,971,569,152",0.033304
MINT,PIMCO Enhanced Short Maturity Active Exchange-Traded Fund,Bond,"$14,616,800,000.00",1265238,$100.37,FALSE,False,TRUE,FALSE,8.00%,43.00%,3.00%,479.00%,565.00%,314.00%,$7.05,$70.37,$0.0,"$2,658.56","$5,609.84",$537.81,Intermediate Term Bond,2009-11-16,36.00%,$4.65,2025-12-31,$0.36,463.00%,Monthly,133.00%,,116.00%,20.00%,23.00%,26.00%,Allianz Investment Management LLC,1099,A,,A,A,A+,B+,A+,$100.52,$100.52,0.00%,83.00%,30.00%,104.00%,460.00%,449.00%,$4.51,$0.34,35.00%,1.7,$100.53,$96.09,"1,425,696",2026-03-18 18:11:49,0.02,"15,009,517,568",0
VGSH,Vanguard Short-Term Treasury ETF,Bond,"$25,803,800,000.00",2829844,$58.75,FALSE,False,FALSE,FALSE,5.00%,41.00%,3.00%,512.00%,447.00%,173.00%,$49.04,$284.33,$0.0,"$4,607.81","$7,137.77","$16,563.12",Miscellaneous,2009-11-19,3.00%,$2.55,2025-12-18,$0.19,434.00%,Monthly,84.00%,,82.00%,85.00%,98.00%,104.00%,Vanguard,1099,A,,A-,A-,A,B,A,$58.58,$58.60,-3.00%,32.00%,-18.00%,43.00%,420.00%,394.00%,$2.31,$0.17,140.00%,0.14,$58.84,$56.18,"3,724,925",2026-03-18 18:11:50,0.04,"32,674,918,400",0.039447
SHV,iShares Trust iShares 0-1 Year Treasury Bond ETF,Bond,"$19,955,100,000.00",2464749,$110.17,FALSE,False,FALSE,FALSE,6.00%,37.00%,2.00%,421.00%,480.00%,302.00%,-$8.80,-$199.45,$0.0,$936.69,-$31.70,"$2,225.04",Miscellaneous,2007-01-05,15.00%,$4.50,2025-12-19,$0.36,409.00%,Monthly,130.00%,,8.00%,13.00%,14.00%,20.00%,"BlackRock, Inc.",1099,A,,A,A,A,A-,B-,$110.25,$110.25,0.00%,66.00%,25.00%,81.00%,401.00%,398.00%,$4.39,$0.30,21.00%,0.07,$110.26,$105.99,"3,036,948",2026-03-18 18:11:51,0.01,"20,244,172,800",0
BIL,State Street SPDR Bloomberg 1-3 Month T-Bill ETF,Bond,"$42,691,600,000.00",9220448,$91.42,FALSE,False,FALSE,FALSE,7.00%,36.00%,4.00%,417.00%,478.00%,311.00%,-$72.18,-$288.23,$0.0,"$6,069.56","$15,998.57","$29,938.27",Miscellaneous,2007-05-25,14.00%,$3.77,2025-12-18,$0.37,412.00%,Monthly,107.00%,,5.00%,21.00%,20.00%,20.00%,State Street,1099,A,,A,A,A-,B+,C+,$91.54,$91.52,2.00%,69.00%,28.00%,86.00%,402.00%,401.00%,$3.67,$0.24,20.00%,0.09,$91.54,$88.00,"8,850,357",2026-03-18 18:11:52,0.08,"43,266,318,336",0.040127
IGIB,iShares 5-10 Year Investment Grade Corporate Bond ETF,Bond,"$17,315,200,000.00",2666236,$53.86,FALSE,False,FALSE,FALSE,-30.00%,20.00%,-4.00%,949.00%,738.00%,92.00%,$108.00,$366.85,$0.0,"$1,890.38","$6,292.50","$7,431.05",Miscellaneous,2007-01-05,4.00%,$2.47,2025-12-19,$0.21,459.00%,Monthly,162.00%,,229.00%,300.00%,333.00%,343.00%,"BlackRock, Inc.",1099,A,,A-,B-,A-,B-,,$53.44,$53.50,-11.00%,0.00%,-134.00%,-7.00%,718.00%,468.00%,$2.50,$0.21,459.00%,0.69,$54.37,$48.40,"3,426,143",2026-03-18 18:11:53,0.33,"18,285,447,168",0
IEI,iShares 3-7 Year Treasury Bond ETF,Bond,"$17,560,100,000.00",1931502,$119.32,FALSE,False,FALSE,FALSE,-12.00%,11.00%,-3.00%,694.00%,437.00%,5.00%,$59.77,$143.32,$0.0,"$2,452.33","$5,207.38","$7,297.91",Miscellaneous,2007-01-05,15.00%,$4.15,2025-12-19,$0.37,348.00%,Monthly,247.00%,,561.00%,208.00%,239.00%,248.00%,"BlackRock, Inc.",1099,A-,,B+,B,B+,C,A-,$119.07,$119.17,-8.00%,38.00%,-56.00%,24.00%,514.00%,354.00%,$4.21,$0.33,334.00%,0.34,$120.45,$112.90,"2,251,946",2026-03-18 18:11:54,0.14,"18,538,127,360",0.035373
JNK,State Street SPDR Bloomberg High Yield Bond ETF,Bond,"$7,757,160,000.00",4778217,$97.24,FALSE,False,FALSE,FALSE,8.00%,80.00%,3.00%,847.00%,962.00%,376.00%,$39.13,-$57.97,$0.0,$61.83,"-$2,071.97","-$3,878.10",Miscellaneous,2007-11-28,40.00%,$6.36,2025-12-18,$0.49,654.00%,Monthly,260.00%,,1380.00%,229.00%,295.00%,344.00%,State Street,1099,A,,B,B-,A-,B,A,$95.94,$96.03,-9.00%,-23.00%,-95.00%,17.00%,742.00%,665.00%,$6.38,$0.53,553.00%,0.62,$97.15,$85.11,"6,459,032",2026-03-18 18:11:55,0.42,"7,783,684,096",0.044215
VGIT,Vanguard Intermediate-Term Treasury ETF,Bond,"$36,452,900,000.00",2671344,$59.91,FALSE,False,FALSE,FALSE,-15.00%,4.00%,-3.00%,728.00%,429.00%,-24.00%,$125.25,$642.68,$0.0,"$4,852.38","$22,194.86","$30,329.34",Miscellaneous,2009-11-19,3.00%,$2.46,2025-12-18,$0.19,411.00%,Monthly,131.00%,,1047.00%,224.00%,267.00%,279.00%,Vanguard,1099,A-,,B,B,B+,C+,A,$59.81,$59.88,-11.00%,45.00%,-60.00%,27.00%,534.00%,380.00%,$2.27,$0.18,372.00%,0.36,$60.58,$56.43,"3,177,008",2026-03-18 18:11:56,0.16,"48,798,519,296",0
SCHZ,Schwab U.S. Aggregate Bond ETF,Bond,"$9,527,260,000.00",1558619,$23.37,FALSE,False,FALSE,FALSE,-21.00%,10.00%,0.00%,717.00%,461.00%,-46.00%,$28.11,$149.68,$0.0,$821.33,"$2,532.98","$2,283.26",Intermediate Term Bond,2011-07-14,3.00%,$0.95,2025-12-19,$0.08,405.00%,Monthly,53.00%,,207.00%,265.00%,286.00%,314.00%,The Charles Schwab Corp.,1099,A,,A,B-,A-,B-,A-,$23.32,$23.34,-11.00%,45.00%,-93.00%,36.00%,516.00%,406.00%,$0.95,$0.08,415.00%,0.28,$23.65,$21.70,"2,010,436",2026-03-18 18:11:57,0.26,"10,090,637,312",0
SCHO,Schwab Short-Term U.S. Treasury ETF,Bond,"$12,370,200,000.00",2789645,$24.36,FALSE,False,FALSE,FALSE,4.00%,35.00%,-4.00%,508.00%,441.00%,168.00%,$513.99,$591.94,$0.0,"$1,018.20","$2,046.69","$5,058.99",Miscellaneous,2010-08-05,3.00%,$0.99,2025-12-19,$0.08,406.00%,Monthly,35.00%,,204.00%,91.00%,105.00%,124.00%,The Charles Schwab Corp.,1099,A,,A-,B+,A-,A-,B-,$24.28,$24.30,-8.00%,32.00%,-20.00%,39.00%,416.00%,400.00%,$0.97,$0.07,149.00%,0.11,$24.39,$23.29,"2,995,952",2026-03-18 18:11:58,0.05,"12,344,682,496",0
USHY,iShares Broad USD High Yield Corporate Bond ETF,Bond,"$25,543,700,000.00",11348526,$37.42,FALSE,False,FALSE,FALSE,11.00%,72.00%,7.00%,867.00%,1000.00%,442.00%,$0.00,$141.72,$0.0,"$6,089.95","$15,082.21","$18,450.05",Miscellaneous,2017-10-25,8.00%,$2.54,2025-12-19,$0.21,678.00%,Monthly,100.00%,,1486.00%,229.00%,284.00%,318.00%,"BlackRock, Inc.",1099,A,,B+,B,A,B+,,$36.90,$36.95,-14.00%,-28.00%,-91.00%,10.00%,727.00%,686.00%,$2.53,$0.20,532.00%,0.62,$37.37,$32.80,"15,469,374",2026-03-18 18:11:58,0.41,"26,740,105,216",0
SRLN,State Street Blackstone Senior Loan ETF,Bond,"$6,566,030,000.00",3917066,$41.30,FALSE,False,FALSE,FALSE,22.00%,96.00%,7.00%,679.00%,895.00%,505.00%,$0.00,-$295.89,$0.0,"-$1,263.40",$714.87,"$5,410.56",Miscellaneous,2013-04-03,70.00%,$3.17,2025-12-18,$0.26,767.00%,Monthly,94.00%,,1737.00%,93.00%,141.00%,156.00%,State Street,1099,A,,B+,A,A+,A,B+,$40.15,$40.16,-1.00%,-162.00%,-55.00%,-107.00%,557.00%,773.00%,$3.10,$0.23,422.00%,0.37,$40.95,$36.48,"7,314,864",2026-03-18 18:11:59,0.18,"5,569,588,736",0
SPSB,State Street SPDR Portfolio Short Term Corporate Bond ETF,Bond,"$8,417,120,000.00",2332995,$30.22,FALSE,False,FALSE,FALSE,7.00%,49.00%,7.00%,596.00%,559.00%,258.00%,$6.04,$111.68,$0.0,$11.18,$592.71,"$1,450.73",Miscellaneous,2009-12-16,4.00%,$1.38,2025-12-18,$0.11,455.00%,Monthly,51.00%,,383.00%,106.00%,100.00%,112.00%,State Street,1099,A,,C+,A-,A-,B,,$30.06,$30.08,-7.00%,18.00%,-45.00%,41.00%,490.00%,450.00%,$1.35,$0.11,145.00%,0.62,$30.23,$28.55,"3,259,690",2026-03-18 18:12:00,0.07,"8,929,531,904",0.04501
STIP,iShares 0-5 Year TIPS Bond ETF,Bond,"$12,812,000,000.00",837730,$102.38,FALSE,False,FALSE,FALSE,1.00%,7.00%,-1.00%,595.00%,514.00%,356.00%,$40.97,$153.64,$0.0,"$1,908.52",-$939.36,"$10,402.86",Miscellaneous,2010-12-01,3.00%,$4.21,2025-12-19,$0.35,411.00%,Monthly,177.00%,,556.00%,98.00%,120.00%,133.00%,"BlackRock, Inc.",1099,A,,C+,A,A,B+,B,$103.75,$103.68,6.00%,133.00%,82.00%,138.00%,527.00%,392.00%,$4.07,$0.35,182.00%,0.7,$103.79,$98.44,"1,245,674",2026-03-18 18:12:02,0.1,"14,128,295,936",0
CWB,State Street SPDR Bloomberg Convertible Securities ETF,Bond,"$4,568,690,000.00",682256,$90.55,FALSE,False,FALSE,FALSE,14.00%,82.00%,151.00%,1820.00%,1426.00%,383.00%,-$35.83,-$27.68,$0.0,-$328.18,-$711.34,"-$1,926.63",Miscellaneous,2009-04-14,40.00%,$1.51,2025-12-18,$0.16,167.00%,Monthly,593.00%,,2993.00%,1263.00%,1546.00%,1342.00%,State Street,1099,A-,,A+,C,B,C,B-,$94.33,$93.91,45.00%,443.00%,-32.00%,657.00%,2412.00%,158.00%,$1.49,$0.15,1374.00%,1.46,$95.93,$69.43,"850,839",2026-03-18 18:12:03,0.71,"5,149,218,304",0
BKLN,Invesco Senior Loan ETF,Bond,"$6,886,270,000.00",9285076,$21.01,FALSE,False,FALSE,FALSE,10.00%,101.00%,5.00%,692.00%,919.00%,536.00%,$100.56,$352.33,$0.0,"-$2,352.16","$2,935.27","$2,520.56",Miscellaneous,2011-03-03,65.00%,$1.58,2025-12-22,$0.10,752.00%,Monthly,45.00%,,408.00%,120.00%,132.00%,150.00%,Invesco,1099,A,,B,A,A,A,B+,$20.56,$20.54,7.00%,-118.00%,3.00%,-64.00%,591.00%,697.00%,$1.43,$0.10,416.00%,0.46,$20.86,$18.79,"29,951,693",2026-03-18 18:12:04,0.21,"6,500,109,824",0.069715
FLOT,iShares Floating Rate Bond ETF,Bond,"$8,979,560,000.00",1354305,$50.86,FALSE,False,FALSE,FALSE,6.00%,38.00%,0.00%,486.00%,595.00%,388.00%,$0.00,$35.64,$0.0,"$1,405.65",$244.15,"$3,607.52",Miscellaneous,2011-06-14,15.00%,$2.46,2025-12-19,$0.20,484.00%,Monthly,73.00%,,288.00%,37.00%,51.00%,58.00%,"BlackRock, Inc.",1099,A,,C,A,A,A-,A-,$50.87,$50.86,2.00%,69.00%,13.00%,87.00%,461.00%,473.00%,$2.41,$0.16,208.00%,0.29,$50.90,$47.65,"1,450,986",2026-03-18 18:12:05,0.02,"9,234,422,784",0.047276
HYLB,Xtrackers USD High Yield Corporate Bond ETF,Bond,"$4,034,940,000.00",1418278,$36.85,FALSE,False,FALSE,FALSE,8.00%,81.00%,5.00%,856.00%,964.00%,407.00%,$29.45,$33.14,$0.0,$560.14,-$161.54,"-$2,885.94",Miscellaneous,2016-12-07,5.00%,$2.54,2025-12-22,$0.21,688.00%,Monthly,96.00%,,633.00%,214.00%,281.00%,326.00%,DWS,1099,A,,B,B-,B+,B-,,$36.42,$36.47,-14.00%,-15.00%,-92.00%,20.00%,722.00%,638.00%,$2.32,$0.17,528.00%,0.61,$36.85,$32.45,"1,839,056",2026-03-18 18:12:05,0.41,"3,712,509,696",0
LMBS,First Trust Low Duration Opportunities ETF,Bond,"$5,722,520,000.00",532789,$49.95,FALSE,False,FALSE,FALSE,-23.00%,26.00%,-8.00%,732.00%,619.00%,284.00%,$0.00,$49.92,$0.0,$881.51,$838.34,-$602.34,Miscellaneous,2014-11-04,64.00%,$2.21,2025-12-12,$0.17,442.00%,Monthly,110.00%,,304.00%,143.00%,161.00%,169.00%,First Trust,1099,A,B-,C,A+,B,B-,,$50.14,$50.16,-4.00%,106.00%,-22.00%,97.00%,637.00%,407.00%,$2.04,$0.17,248.00%,0.95,$51.63,$46.58,"507,956",2026-03-18 18:12:06,0.08,"6,014,698,496",0
USIG,iShares Broad USD Investment Grade Corporate Bond ETF,Bond,"$15,645,500,000.00",1349545,$51.76,FALSE,False,FALSE,FALSE,-29.00%,4.00%,-2.00%,784.00%,633.00%,10.00%,$57.13,$207.48,$0.0,"$2,886.63","$7,557.18","$10,616.84",Miscellaneous,2007-01-05,4.00%,$2.39,2025-12-19,$0.21,462.00%,Monthly,135.00%,,1513.00%,297.00%,333.00%,349.00%,"BlackRock, Inc.",1099,A,,A-,B-,A-,B-,,$51.36,$51.37,-2.00%,-1.00%,-147.00%,-10.00%,562.00%,467.00%,$2.40,$0.20,486.00%,0.33,$52.26,$47.05,"3,447,755",2026-03-18 18:12:07,0.36,"16,993,595,392",0.046671
SPAB,State Street SPDR Portfolio Aggregate Bond ETF,Bond,"$9,319,170,000.00",2280550,$25.74,FALSE,False,FALSE,FALSE,-23.00%,7.00%,-4.00%,711.00%,464.00%,-43.00%,$110.99,$234.63,$0.0,$757.41,"$2,540.78","$4,810.31",Intermediate Term Bond,2007-05-23,3.00%,$1.02,2025-12-18,$0.09,397.00%,Monthly,58.00%,,880.00%,241.00%,298.00%,324.00%,State Street,1099,A,,B,B-,B-,C+,,$25.71,$25.72,-5.00%,50.00%,-101.00%,39.00%,522.00%,397.00%,$1.02,$0.08,418.00%,0.29,$26.09,$23.93,"3,259,195",2026-03-18 18:12:08,0.26,"9,258,687,488",0
SUB,iShares Short-Term National Muni Bond ETF,Bond,"$10,389,500,000.00",503237,$106.73,FALSE,False,FALSE,FALSE,16.00%,53.00%,3.00%,357.00%,292.00%,133.00%,$15.96,$287.25,$0.0,"$1,661.21",-$861.58,"$6,407.06",Miscellaneous,2008-11-05,7.00%,$2.58,2025-12-19,$0.22,242.00%,Monthly,123.00%,,145.00%,60.00%,77.00%,92.00%,"BlackRock, Inc.",1099,A,,C+,A+,A-,C,A,$106.95,$106.99,-4.00%,63.00%,-22.00%,85.00%,378.00%,246.00%,$2.63,$0.24,145.00%,-0.15,$107.27,$101.68,"509,305",2026-03-18 18:12:09,0.08,"10,874,490,880",0
ISTB,iShares Core 1-5 Year USD Bond ETF,Bond,"$4,705,100,000.00",378891,$48.76,FALSE,False,FALSE,FALSE,4.00%,50.00%,2.00%,638.00%,543.00%,179.00%,$0.00,$0.00,$0.0,$388.91,-$690.17,$402.34,Intermediate Term Bond,2012-10-18,6.00%,$2.01,2025-12-19,$0.17,412.00%,Monthly,90.00%,,484.00%,118.00%,140.00%,147.00%,"BlackRock, Inc.",1099,A-,,B+,A-,B,C+,B-,$48.56,$48.58,-5.00%,27.00%,-43.00%,40.00%,513.00%,417.00%,$2.03,$0.17,187.00%,0.61,$48.88,$45.98,"398,327",2026-03-18 18:12:10,0.11,"4,818,534,400",0
BLV,Vanguard Long-Term Bond ETF,Bond,"$5,905,700,000.00",725731,$69.39,FALSE,False,FALSE,FALSE,-69.00%,-96.00%,-19.00%,609.00%,319.00%,-486.00%,$41.91,$48.94,$0.0,$385.38,"$1,989.36","$2,484.31",Intermediate Term Bond,2007-04-03,3.00%,$3.52,2025-12-18,$0.28,507.00%,Monthly,195.00%,,4710.00%,533.00%,646.00%,714.00%,Vanguard,1099,A,,B,C,B+,B,A,$69.21,$69.24,-4.00%,49.00%,-245.00%,-8.00%,307.00%,470.00%,$3.25,$0.25,953.00%,-0.1,$71.39,$63.11,"983,980",2026-03-18 18:12:11,0.59,"8,832,206,848",0
SPIB,State Street SPDR Portfolio Intermediate Term Corporate Bond ETF,Bond,"$11,035,500,000.00",4604939,$33.82,FALSE,False,FALSE,FALSE,-12.00%,33.00%,3.00%,794.00%,648.00%,150.00%,$196.30,$230.00,$0.0,"$1,002.00","$4,613.16","$5,325.89",Miscellaneous,2009-02-10,4.00%,$1.49,2025-12-18,$0.12,441.00%,Monthly,81.00%,,869.00%,206.00%,224.00%,234.00%,State Street,1099,A,,B,B,B+,C+,,$33.60,$33.61,-1.00%,8.00%,-95.00%,17.00%,621.00%,442.00%,$1.49,$0.12,321.00%,0.69,$34.02,$31.10,"8,275,422",2026-03-18 18:12:12,0.21,"11,009,826,816",0
ICSH,iShares Ultra Short Duration Bond Active ETF,Bond,"$6,744,060,000.00",1302358,$50.58,FALSE,False,FALSE,FALSE,7.00%,40.00%,0.00%,494.00%,535.00%,341.00%,$35.38,$96.07,$0.0,"$1,481.58",-$451.49,"$1,504.06",Miscellaneous,2013-12-11,8.00%,$2.30,2025-12-19,$0.19,455.00%,Monthly,70.00%,,105.00%,38.00%,32.00%,33.00%,"BlackRock, Inc.",1099,A,,C+,A+,B+,B,C,$50.59,$50.58,2.00%,68.00%,14.00%,88.00%,463.00%,447.00%,$2.26,$0.16,42.00%,1.49,$50.59,$48.34,"1,898,129",2026-03-18 18:12:13,0.01,"7,072,773,120",0
SHYG,iShares 0-5 Year High Yield Corporate Bond ETF,Bond,"$7,970,490,000.00",1668703,$42.90,FALSE,False,FALSE,FALSE,7.00%,83.00%,7.00%,778.00%,885.00%,515.00%,$34.20,$209.79,$0.0,"$1,755.80",$629.37,"$2,485.48",Miscellaneous,2013-10-15,30.00%,$3.01,2025-12-19,$0.25,702.00%,Monthly,102.00%,,637.00%,170.00%,232.00%,274.00%,"BlackRock, Inc.",1099,A,,C+,B+,A-,B+,A,$42.32,$42.34,-6.00%,-22.00%,-61.00%,12.00%,663.00%,707.00%,$2.99,$0.24,502.00%,0.52,$42.69,$37.89,"1,952,776",2026-03-18 18:12:14,0.3,"7,792,231,936",0
VCLT,Vanguard Long-Term Corporate Bond ETF,Bond,"$7,619,860,000.00",4219612,$75.77,FALSE,False,FALSE,FALSE,-76.00%,-76.00%,-11.00%,705.00%,530.00%,-309.00%,$22.97,$38.49,$0.0,"-$6,239.95","$3,377.14","$3,991.73",Miscellaneous,2009-11-19,3.00%,$4.54,2025-12-18,$0.35,599.00%,Monthly,242.00%,,4107.00%,575.00%,673.00%,702.00%,Vanguard,1099,A,,A,C,A+,A-,A,$74.96,$74.94,3.00%,-21.00%,-280.00%,-64.00%,420.00%,560.00%,$4.20,$0.32,993.00%,0.02,$77.56,$67.13,"6,240,245",2026-03-18 18:12:15,0.66,"8,665,498,624",0.055977
ANGL,VanEck Fallen Angel High Yield Bond ETF,Bond,"$3,147,270,000.00",718895,$29.40,FALSE,False,TRUE,FALSE,16.00%,64.00%,12.00%,913.00%,921.00%,360.00%,$17.63,$32.33,$0.0,$15.92,$24.18,-$453.04,Miscellaneous,2012-04-10,25.00%,$1.82,2025-12-29,$0.16,620.00%,Monthly,87.00%,,2553.00%,239.00%,335.00%,364.00%,VanEck,1099,A,,A,C+,A-,B-,B+,$28.89,$28.90,-5.00%,-75.00%,-218.00%,-41.00%,642.00%,634.00%,$1.83,$0.14,623.00%,0.39,$29.64,$25.42,"939,978",2026-03-18 18:12:16,0.44,"3,160,542,464",0
FIXD,First Trust Smith Opportunistic Fixed Income ETF,Bond,"$3,453,660,000.00",381123,$44.28,FALSE,False,FALSE,FALSE,-26.00%,3.00%,-8.00%,819.00%,476.00%,-67.00%,$0.00,$33.22,$0.0,"-$1,369.03",$404.09,-$250.97,Intermediate Term Bond,2017-02-14,65.00%,$2.18,2025-12-12,$0.19,493.00%,Monthly,113.00%,,1238.00%,275.00%,319.00%,339.00%,First Trust,1099,A-,,,C+,,B-,,$44.06,$44.09,-8.00%,22.00%,-128.00%,5.00%,539.00%,457.00%,$2.02,$0.17,457.00%,0.3,$44.96,$39.60,"313,527",2026-03-18 18:12:17,0.28,"3,490,872,832",0
SHM,State Street SPDR Nuveen ICE Short Term Municipal Bond ETF,Bond,"$3,511,170,000.00",195506,$48.01,FALSE,False,FALSE,FALSE,17.00%,51.00%,4.00%,390.00%,270.00%,75.00%,$0.00,$4.79,$0.0,-$103.40,"-$1,114.84",-$665.08,Miscellaneous,2007-10-10,20.00%,$1.25,2025-12-18,$0.11,260.00%,Monthly,62.00%,,803.00%,80.00%,124.00%,132.00%,State Street,1099,A-,,B-,A,A-,C+,A,$48.08,$48.14,-14.00%,58.00%,-44.00%,84.00%,348.00%,263.00%,$1.26,$0.11,179.00%,-0.29,$48.37,$45.44,"239,958",2026-03-18 18:12:18,0.12,"3,518,777,344",0
FALN,iShares Fallen Angels USD Bond ETF,Bond,"$1,850,700,000.00",843092,$27.33,FALSE,False,FALSE,FALSE,11.00%,27.00%,11.00%,871.00%,1003.00%,389.00%,-$6.82,$25.98,$0.0,-$97.26,$129.89,"$1,960.92",Miscellaneous,2016-06-14,25.00%,$1.72,2025-12-19,$0.15,630.00%,Monthly,85.00%,,670.00%,263.00%,361.00%,394.00%,"BlackRock, Inc.",1099,A,,A,C+,A-,B-,,$26.83,$26.88,-20.00%,-78.00%,-217.00%,-53.00%,664.00%,649.00%,$1.74,$0.15,661.00%,0.4,$27.53,$23.40,"1,146,159",2026-03-18 18:12:19,0.43,"1,845,727,360",0
NEAR,iShares Short Duration Bond Active ETF,Bond,"$3,756,730,000.00",503956,$51.12,FALSE,False,FALSE,FALSE,3.00%,60.00%,3.00%,598.00%,614.00%,379.00%,$0.00,$0.00,$0.0,$735.65,-$510.03,-$839.66,Intermediate Term Bond,2013-09-25,25.00%,$2.32,2025-12-19,$0.28,454.00%,Monthly,86.00%,,66.00%,95.00%,100.00%,108.00%,"BlackRock, Inc.",1099,A-,,A,A-,A,B,,$50.88,$50.90,-4.00%,21.00%,-41.00%,42.00%,492.00%,450.00%,$2.29,$0.17,184.00%,0.5,$51.20,$48.30,"624,780",2026-03-18 18:12:19,0.02,"4,099,859,968",0
SJNK,State Street SPDR Bloomberg Short Term High Yield Bond ETF,Bond,"$5,242,520,000.00",4165789,$25.32,FALSE,False,FALSE,FALSE,8.00%,72.00%,0.00%,745.00%,916.00%,525.00%,-$30.33,-$60.86,$0.0,$558.99,"$1,657.78","$1,925.87",Miscellaneous,2012-03-15,40.00%,$1.80,2025-12-18,$0.14,712.00%,Monthly,60.00%,,304.00%,189.00%,252.00%,297.00%,State Street,1099,A,,B-,B+,A,A,A,$25.00,$25.02,-10.00%,-17.00%,-60.00%,11.00%,643.00%,713.00%,$1.78,$0.14,508.00%,0.48,$25.22,$22.43,"4,144,231",2026-03-18 18:12:20,0.31,"5,091,112,960",0
SPTL,State Street SPDR Portfolio Long Term Treasury ETF,Bond,"$11,028,600,000.00",6996999,$26.42,FALSE,False,FALSE,FALSE,-64.00%,-112.00%,-19.00%,504.00%,59.00%,-736.00%,$58.58,$127.61,$0.0,$314.70,"$6,021.71","$11,053.68",Miscellaneous,2007-05-23,3.00%,$1.09,2025-12-18,$0.09,413.00%,Monthly,67.00%,,2523.00%,577.00%,699.00%,797.00%,State Street,1099,A,,C,C+,B-,B-,,$26.51,$26.53,-8.00%,100.00%,-224.00%,32.00%,169.00%,412.00%,$1.09,$0.08,1013.00%,-0.23,$27.40,$24.32,"7,100,136",2026-03-18 18:12:21,0.5,"11,238,976,512",0.04123
FTSM,First Trust Enhanced Short Maturity ETF,Bond,"$6,237,340,000.00",776313,$59.95,FALSE,False,FALSE,FALSE,8.00%,41.00%,3.00%,463.00%,501.00%,318.00%,-$5.99,$21.07,$0.0,$65.82,"-$1,622.10","$1,093.90",Intermediate Term Bond,2014-08-05,45.00%,$2.57,2025-12-29,$0.20,428.00%,Monthly,78.00%,,25.00%,29.00%,35.00%,39.00%,First Trust,1099,A,,B,A,A,B+,,$59.90,$59.91,-3.00%,57.00%,8.00%,75.00%,427.00%,423.00%,$2.54,$0.19,49.00%,0.54,$59.94,$57.42,"1,045,760",2026-03-18 18:12:22,0.01,"6,295,187,456",0
BOND,PIMCO Active Bond Exchange-Traded Fund,Bond,"$6,890,900,000.00",390631,$93.03,FALSE,False,FALSE,FALSE,-19.00%,24.00%,-5.00%,828.00%,583.00%,10.00%,$31.85,$242.58,$0.0,"$1,622.22","$3,515.09","$3,442.80",Intermediate Term Bond,2012-02-29,45.00%,$4.76,2025-12-31,$0.40,512.00%,Monthly,240.00%,,705.00%,277.00%,312.00%,329.00%,Allianz Investment Management LLC,1099,A-,,B-,C,B,A-,B+,$92.82,$92.90,-9.00%,62.00%,-110.00%,59.00%,614.00%,515.00%,$4.78,$0.39,456.00%,0.47,$94.29,$84.83,"527,053",2026-03-18 18:12:23,0.27,"7,682,255,872",0
TFI,State Street SPDR Nuveen ICE Municipal Bond ETF,Bond,"$3,009,980,000.00",449259,$45.75,FALSE,False,FALSE,FALSE,18.00%,53.00%,9.00%,352.00%,308.00%,-28.00%,$9.12,$4.53,$0.0,-$688.92,"-$1,066.46",$235.10,Miscellaneous,2007-09-11,23.00%,$1.52,2025-12-18,$0.14,332.00%,Monthly,83.00%,,4117.00%,121.00%,186.00%,231.00%,State Street,1099,A,,A-,B,A,B,A,$45.73,$45.75,-4.00%,54.00%,-86.00%,89.00%,430.00%,339.00%,$1.55,$0.14,399.00%,0.08,$46.36,$41.51,"320,971",2026-03-18 18:12:24,0.3,"3,059,700,480",0
SPMB,State Street SPDR Portfolio Mortgage Backed Bond ETF,Bond,"$6,655,650,000.00",858886,$22.39,FALSE,False,FALSE,FALSE,-27.00%,31.00%,-11.00%,821.00%,483.00%,-3.00%,$24.70,$127.79,$0.0,$786.31,"$2,599.22","$4,352.06",Miscellaneous,2009-01-15,4.00%,$0.89,2025-12-18,$0.14,399.00%,Monthly,57.00%,,730.00%,275.00%,309.00%,346.00%,State Street,1099,A-,A+,A-,B,A,A,,$22.48,$22.50,-11.00%,101.00%,-78.00%,83.00%,643.00%,401.00%,$0.90,$0.07,473.00%,0.51,$22.80,$20.59,"745,003",2026-03-18 18:12:25,0.26,"6,957,453,824",0
SCHR,Schwab Intermediate-Term U.S. Treasury ETF,Bond,"$12,640,400,000.00",1996303,$25.07,FALSE,False,FALSE,FALSE,-16.00%,3.00%,-4.00%,731.00%,424.00%,-28.00%,$465.06,$567.98,$0.0,"$2,226.73","$4,901.46","$9,346.66",Miscellaneous,2010-08-05,3.00%,$0.96,2025-12-19,$0.08,385.00%,Monthly,55.00%,,1123.00%,221.00%,276.00%,297.00%,The Charles Schwab Corp.,1099,A-,,B,B,B+,B,B+,$25.02,$25.04,-6.00%,47.00%,-64.00%,31.00%,538.00%,385.00%,$0.96,$0.08,375.00%,0.37,$25.34,$23.61,"2,435,595",2026-03-18 18:12:26,0.17,"13,165,911,040",0
IAGG,iShares Core International Aggregate Bond ETF,Bond,"$11,063,900,000.00",1159791,$50.05,FALSE,False,FALSE,FALSE,-22.00%,-7.00%,8.00%,325.00%,542.00%,49.00%,$0.00,$123.32,$0.0,"$4,136.40","$6,868.13","$8,177.26",Intermediate Term Bond,2015-11-10,7.00%,$1.54,2025-12-19,$1.54,307.00%,Annually,61.00%,,487.00%,185.00%,180.00%,203.00%,"BlackRock, Inc.",1099,A-,,,A-,,B-,,$50.13,$50.14,-2.00%,37.00%,-89.00%,35.00%,402.00%,328.00%,$1.65,$0.11,231.00%,0.01,$50.87,$48.08,"1,288,853",2026-03-18 18:12:27,0.19,"11,924,200,448",0
HYD,VanEck High Yield Muni ETF,Bond,"$4,002,150,000.00",666066,$51.16,FALSE,False,FALSE,FALSE,17.00%,80.00%,8.00%,311.00%,478.00%,31.00%,$0.00,$316.66,$0.0,$942.17,$824.59,"$1,505.53",Miscellaneous,2009-02-04,32.00%,$2.19,2025-12-29,$0.18,429.00%,Monthly,98.00%,,4345.00%,123.00%,231.00%,303.00%,VanEck,1099,A,,A,C+,A,A,B+,$50.78,$50.82,-8.00%,-5.00%,-74.00%,38.00%,242.00%,430.00%,$2.19,$0.17,569.00%,-0.28,$51.49,$45.93,"622,663",2026-03-18 18:12:27,0.35,"4,279,614,720",0
IVOL,KraneShares Quadratic Interest Rate Volatility and Inflation Hedge ETF,Bond,"$500,750,000.00",508766,$19.08,FALSE,False,FALSE,FALSE,3.00%,-111.00%,-42.00%,1155.00%,-203.00%,-393.00%,-$24.52,$28.99,$0.0,$15.43,-$331.42,$158.55,Miscellaneous,2019-05-13,102.00%,$0.69,2025-12-30,$0.06,363.00%,Monthly,79.00%,,3559.00%,496.00%,503.00%,593.00%,CICC,1099,A-,,,C,,B+,,$18.81,$18.87,-32.00%,-82.00%,-112.00%,-134.00%,721.00%,371.00%,$0.70,$0.06,1040.00%,0.31,$19.83,$17.41,"163,845",2026-03-18 18:12:28,0.04,"493,713,664",0
EMLC,VanEck J. P. Morgan EM Local Currency Bond ETF,Bond,"$4,204,490,000.00",2158512,$25.88,FALSE,False,FALSE,FALSE,10.00%,187.00%,23.00%,1887.00%,871.00%,73.00%,$43.96,$43.96,$0.0,"$1,323.93","$1,185.86","$1,487.77",Miscellaneous,2010-07-22,30.00%,$1.53,2025-12-29,$0.14,590.00%,Monthly,119.00%,,1533.00%,358.00%,365.00%,432.00%,VanEck,1099,A,A-,C+,B+,A+,A+,A,$25.29,$25.39,-39.00%,-138.00%,-421.00%,-35.00%,1140.00%,605.00%,$1.53,$0.12,655.00%,1.13,$26.51,$21.77,"5,419,323",2026-03-18 18:12:29,0.38,"5,222,737,408",0.060538
SPTS,State Street SPDR Portfolio Short Term Treasury ETF,Bond,"$5,902,130,000.00",1123813,$29.27,FALSE,False,FALSE,FALSE,7.00%,38.00%,-3.00%,514.00%,449.00%,172.00%,$8.78,$46.78,$0.0,$197.72,"$1,979.64","$3,063.41",Miscellaneous,2011-11-30,3.00%,$1.17,2025-12-18,$0.10,399.00%,Monthly,42.00%,,318.00%,91.00%,111.00%,112.00%,State Street,1099,A-,,B+,B+,B+,B,,$29.18,$29.21,-9.00%,34.00%,-18.00%,41.00%,420.00%,397.00%,$1.16,$0.08,145.00%,0.14,$29.32,$27.98,"1,085,897",2026-03-18 18:12:30,0.05,"5,624,174,080",0.039712
SPIP,State Street SPDR Portfolio TIPS ETF,Bond,"$967,175,000.00",198692,$25.93,FALSE,False,FALSE,FALSE,-19.00%,-28.00%,-8.00%,655.00%,399.00%,73.00%,$2.60,$0.00,$0.0,$88.14,"-$1,289.81",-$619.76,Miscellaneous,2007-05-25,12.00%,$1.06,2025-12-18,$0.10,409.00%,Monthly,54.00%,,1332.00%,211.00%,294.00%,313.00%,State Street,1099,B+,,A,B,A,B,,$26.31,$26.30,4.00%,151.00%,19.00%,127.00%,531.00%,400.00%,$1.05,$0.01,421.00%,0.31,$26.44,$24.40,"214,617",2026-03-18 18:12:31,0.27,"1,008,943,488",0.039985
TOTL,State Street DoubleLine Total Return Tactical ETF,Bond,"$4,043,110,000.00",391163,$40.25,FALSE,False,FALSE,FALSE,-10.00%,28.00%,0.00%,765.00%,544.00%,52.00%,$8.05,$18.13,$0.0,$579.25,"$1,697.31","$1,288.60",Intermediate Term Bond,2015-02-23,55.00%,$2.11,2025-12-18,$0.26,523.00%,Monthly,92.00%,,380.00%,230.00%,297.00%,299.00%,State Street,1099,A-,,,B,,A-,,$40.01,$40.05,-11.00%,19.00%,-103.00%,16.00%,519.00%,523.00%,$2.09,$0.16,364.00%,0.33,$40.62,$37.39,"394,295",2026-03-18 18:12:32,0.21,"4,217,676,032",0
SPTI,State Street SPDR Portfolio Intermediate Term Treasury ETF,Bond,"$9,639,520,000.00",1934631,$28.82,FALSE,False,FALSE,FALSE,-21.00%,-3.00%,-7.00%,729.00%,428.00%,-25.00%,$17.34,$54.79,$0.0,"$2,550.18","$5,854.44","$7,532.05",Miscellaneous,2007-05-23,3.00%,$1.09,2025-12-18,$0.09,379.00%,Monthly,63.00%,,1062.00%,226.00%,269.00%,291.00%,State Street,1099,A-,,B,B,B,C+,,$28.78,$28.81,-10.00%,47.00%,-64.00%,26.00%,532.00%,378.00%,$1.09,$0.08,377.00%,0.35,$29.16,$27.16,"2,402,493",2026-03-18 18:12:33,0.16,"9,615,588,352",0
VWOB,Vanguard Emerging Markets Government Bond ETF,Bond,"$5,673,860,000.00",583348,$67.45,FALSE,False,FALSE,FALSE,-16.00%,60.00%,3.00%,1322.00%,975.00%,141.00%,$40.53,$215.64,$0.0,$450.93,"$2,115.88","$3,449.96",Miscellaneous,2013-05-31,15.00%,$4.32,2025-12-18,$0.32,640.00%,Monthly,266.00%,,731.00%,308.00%,376.00%,414.00%,Vanguard,1099,A-,A,A-,B-,A,B-,A+,$66.31,$66.55,-36.00%,-73.00%,-247.00%,-73.00%,936.00%,592.00%,$3.93,$0.32,608.00%,0.88,$68.09,$57.70,"780,988",2026-03-18 18:12:34,0.5,"6,616,010,240",0
GSY,Invesco Ultra Short Duration ETF,Bond,"$3,241,640,000.00",611000,$50.28,FALSE,False,FALSE,FALSE,12.00%,45.00%,6.00%,304.00%,437.00%,261.00%,-$150.77,$5.04,$0.0,$845.19,"$1,029.56",$240.47,Miscellaneous,2008-02-12,22.00%,$1.53,2025-12-22,$0.18,305.00%,Monthly,43.00%,,0.00%,34.00%,36.00%,85.00%,Invesco,1099,A-,,C,A,B+,C,A,$50.24,$50.26,-4.00%,64.00%,11.00%,84.00%,459.00%,447.00%,$2.24,$0.17,42.00%,1.42,$50.26,$48.02,"785,074",2026-03-18 18:12:35,0.02,"3,416,156,928",0
FTSL,First Trust Senior Loan Fund,Bond,"$2,353,810,000.00",270184,$45.91,FALSE,False,FALSE,FALSE,13.00%,54.00%,7.00%,663.00%,880.00%,547.00%,$0.00,$6.88,$0.0,$98.32,-$469.33,"$1,205.41",Miscellaneous,2013-05-01,87.00%,$3.27,2025-12-12,$0.24,712.00%,Monthly,91.00%,,1640.00%,86.00%,156.00%,145.00%,First Trust,1099,A-,,A-,A,A,B+,A-,$44.99,$45.02,-8.00%,-98.00%,-19.00%,-76.00%,457.00%,662.00%,$2.98,$0.24,302.00%,0.19,$45.61,$41.75,"358,604",2026-03-18 18:12:36,0.15,"2,218,151,936",0
VNLA,Janus Henderson Short Duration Income ETF,Bond,"$2,871,060,000.00",373244,$49.15,FALSE,False,FALSE,FALSE,4.00%,47.00%,2.00%,545.00%,599.00%,348.00%,$7.37,$22.09,$0.0,$527.64,$494.33,$25.90,Intermediate Term Bond,2016-11-16,23.00%,$2.60,2025-12-22,$0.20,528.00%,Monthly,77.00%,,66.00%,38.00%,53.00%,54.00%,Janus Henderson,1099,A-,,C+,A,A-,A-,,$49.01,$49.02,-2.00%,48.00%,-13.00%,66.00%,492.00%,486.00%,$2.38,$0.19,70.00%,1.31,$49.15,$46.12,"471,851",2026-03-18 18:12:37,0.03,"3,080,809,728",0
PCY,Invesco Emerging Markets Sovereign Debt ETF,Bond,"$1,315,030,000.00",309709,$21.69,FALSE,False,TRUE,FALSE,-32.00%,48.00%,14.00%,1582.00%,1226.00%,45.00%,$0.00,$8.73,$0.0,-$75.14,-$503.30,-$754.51,Miscellaneous,2007-10-11,50.00%,$1.40,2025-12-22,$0.11,644.00%,Monthly,111.00%,,5773.00%,489.00%,537.00%,613.00%,Invesco,1099,A,B-,B,C,B+,A,B,$21.24,$21.31,-33.00%,-112.00%,-326.00%,-113.00%,1081.00%,603.00%,$1.28,$0.10,970.00%,0.7,$22.08,$17.69,"609,504",2026-03-18 18:12:38,0.73,"1,470,619,008",0.060264
IGLB,iShares 10+ Year Investment Grade Corporate Bond ETF,Bond,"$2,759,430,000.00",1377814,$50.39,FALSE,False,FALSE,FALSE,-73.00%,-72.00%,-12.00%,733.00%,551.00%,-293.00%,-$25.36,$10.84,$0.0,$9.44,"$1,288.91",$898.72,Miscellaneous,2009-12-08,4.00%,$2.59,2025-12-19,$0.22,515.00%,Monthly,163.00%,,6536.00%,564.00%,656.00%,687.00%,"BlackRock, Inc.",1099,A-,,A,C,A-,B+,,$49.83,$49.83,0.00%,-25.00%,-281.00%,-69.00%,430.00%,523.00%,$2.60,$0.22,963.00%,0.03,$51.49,$44.59,"2,072,793",2026-03-18 18:12:38,0.65,"2,798,036,224",0.052258
VGLT,Vanguard Long-Term Treasury ETF,Bond,"$10,235,900,000.00",1851198,$55.69,FALSE,False,FALSE,FALSE,-64.00%,-115.00%,-20.00%,502.00%,58.00%,-734.00%,$37.87,$120.54,$0.0,$333.51,"$7,038.02","$10,210.91",Miscellaneous,2009-11-19,3.00%,$2.69,2025-12-18,$0.21,482.00%,Monthly,142.00%,,2524.00%,589.00%,693.00%,796.00%,Vanguard,1099,A-,,C+,C+,B+,A-,A-,$55.85,$55.88,-5.00%,100.00%,-220.00%,32.00%,173.00%,445.00%,$2.49,$0.19,1017.00%,-0.22,$57.71,$51.25,"2,985,792",2026-03-18 18:12:39,0.5,"15,813,399,552",0.04453
PZA,Invesco National AMT-Free Municipal Bond ETF,Bond,"$3,299,060,000.00",972705,$23.25,FALSE,False,FALSE,FALSE,26.00%,42.00%,26.00%,164.00%,379.00%,-12.00%,$10.45,-$1.17,$0.0,$245.99,"$1,295.71","$1,451.54",Miscellaneous,2007-10-11,28.00%,$0.89,2025-12-22,$0.08,382.00%,Monthly,55.00%,,5874.00%,164.00%,261.00%,375.00%,Invesco,1099,A,,B+,C,B+,B+,B,$23.31,$23.33,-7.00%,88.00%,-38.00%,131.00%,392.00%,359.00%,$0.84,$0.07,620.00%,-0.01,$23.63,$20.78,"1,522,209",2026-03-18 18:12:40,0.36,"3,775,956,736",0
SLQD,iShares 0-5 Year Investment Grade Corporate Bond ETF,Bond,"$2,340,190,000.00",214759,$50.71,FALSE,False,FALSE,FALSE,3.00%,44.00%,2.00%,625.00%,573.00%,235.00%,$7.60,-$7.59,$0.0,$152.87,-$756.72,$322.91,Miscellaneous,2013-10-15,6.00%,$2.11,2025-12-19,$0.18,415.00%,Monthly,92.00%,,250.00%,102.00%,110.00%,120.00%,"BlackRock, Inc.",1099,B+,,B-,A-,B+,C,A-,$50.49,$50.51,-4.00%,27.00%,-44.00%,43.00%,518.00%,423.00%,$2.13,$0.18,185.00%,0.64,$50.81,$47.72,"251,802",2026-03-18 18:12:41,0.1,"2,373,938,176",0.042266
GVI,iShares Intermediate Government/Credit Bond ETF,Bond,"$3,905,510,000.00",150087,$107.31,FALSE,False,FALSE,FALSE,-5.00%,19.00%,-3.00%,663.00%,489.00%,75.00%,$75.18,$118.19,$0.0,$513.89,"$1,012.81","$1,757.66",Intermediate Term Bond,2007-01-05,20.00%,$3.73,2025-12-19,$0.32,348.00%,Monthly,213.00%,,209.00%,178.00%,193.00%,205.00%,"BlackRock, Inc.",1099,B+,,A,B+,B+,C,B+,$106.96,$107.02,-5.00%,27.00%,-62.00%,23.00%,503.00%,353.00%,$3.77,$0.31,263.00%,0.39,$108.03,$101.11,"252,238",2026-03-18 18:12:42,0.14,"3,914,013,440",0.035273
BAB,Invesco Taxable Municipal Bond ETF,Bond,"$1,029,520,000.00",161139,$27.17,FALSE,False,FALSE,FALSE,-22.00%,-25.00%,-11.00%,808.00%,590.00%,-70.00%,$5.44,$9.51,$0.0,-$48.94,-$536.74,-$840.62,Miscellaneous,2009-11-17,28.00%,$1.16,2025-12-22,$0.09,428.00%,Monthly,76.00%,,2095.00%,396.00%,517.00%,590.00%,Invesco,1099,B+,,A,C,A-,A-,B+,$27.14,$27.20,-21.00%,56.00%,-95.00%,61.00%,581.00%,399.00%,$1.08,$0.09,651.00%,0.28,$27.73,$24.67,"165,196",2026-03-18 18:12:43,0.32,"1,062,256,512",0.039312
FLRN,State Street SPDR Bloomberg Investment Grade Floating Rate ETF,Bond,"$2,702,310,000.00",844614,$30.74,FALSE,False,FALSE,FALSE,7.00%,40.00%,3.00%,500.00%,596.00%,389.00%,$24.56,$49.16,$0.0,$252.45,-$330.74,$351.76,Miscellaneous,2011-11-30,15.00%,$1.50,2025-12-18,$0.12,489.00%,Monthly,44.00%,,310.00%,45.00%,53.00%,61.00%,State Street,1099,A-,,C,A,B+,A-,C+,$30.75,$30.73,6.00%,70.00%,12.00%,90.00%,469.00%,469.00%,$1.44,$0.10,181.00%,0.38,$30.77,$28.75,"959,435",2026-03-18 18:12:44,0.02,"2,778,068,736",0
FMB,First Trust Managed Municipal ETF,Bond,"$1,954,770,000.00",148820,$51.19,FALSE,False,FALSE,FALSE,15.00%,42.00%,11.00%,395.00%,411.00%,81.00%,$15.33,$17.89,$0.0,-$43.71,$15.85,$352.28,Miscellaneous,2014-05-13,65.00%,$1.87,2025-12-12,$0.15,365.00%,Monthly,94.00%,,2282.00%,109.00%,176.00%,232.00%,First Trust,1099,A-,,B+,B,A-,B+,,$51.33,$51.32,1.00%,87.00%,-79.00%,112.00%,445.00%,341.00%,$1.75,$0.16,379.00%,0.12,$52.03,$46.67,"129,912",2026-03-18 18:12:45,0.25,"1,982,112,640",0
HYLS,First Trust Tactical High Yield ETF,Bond,"$1,772,660,000.00",212236,$41.86,FALSE,False,FALSE,FALSE,17.00%,73.00%,1.00%,838.00%,932.00%,338.00%,$2.09,$8.33,$0.0,$101.55,$145.37,-$108.82,Miscellaneous,2013-02-27,102.00%,$2.90,2025-12-12,$0.22,692.00%,Monthly,108.00%,,988.00%,207.00%,241.00%,274.00%,First Trust,1099,A-,,A-,B+,A-,B-,A-,$40.91,$40.96,-12.00%,-118.00%,-75.00%,-85.00%,604.00%,661.00%,$2.70,$0.23,450.00%,0.45,$41.92,$37.20,"195,069",2026-03-18 18:12:45,0.4,"1,799,320,832",0
JMST,JPMorgan Ultra-Short Municipal Income ETF,Bond,"$6,383,950,000.00",1113841,$50.93,FALSE,False,FALSE,FALSE,3.00%,34.00%,-2.00%,331.00%,340.00%,210.00%,$81.56,$794.59,$0.0,"$3,253.78","$3,671.00","$5,232.79",Miscellaneous,2018-10-16,18.00%,$1.45,2025-12-31,$0.11,284.00%,Monthly,50.00%,,62.00%,52.00%,77.00%,66.00%,JP Morgan,1099,A,,,A,,C,,$51.03,$51.05,-4.00%,62.00%,11.00%,79.00%,319.00%,277.00%,$1.41,$0.12,83.00%,-0.97,$51.07,$49.17,"950,919",2026-03-18 18:12:46,0.03,"6,171,565,056",0
FBND,Fidelity Total Bond ETF,Bond,"$23,498,800,000.00",2476150,$46.04,FALSE,False,FALSE,FALSE,-19.00%,9.00%,0.00%,744.00%,547.00%,43.00%,$74.11,$526.60,$0.0,"$6,055.03","$20,441.19","$21,901.26",Intermediate Term Bond,2014-10-06,36.00%,$2.16,2025-12-30,$0.27,470.00%,Monthly,110.00%,,2914.00%,278.00%,311.00%,331.00%,Fidelity,1099,A,,C+,B-,B,B+,,$45.97,$46.01,-8.00%,52.00%,-94.00%,34.00%,565.00%,470.00%,$2.16,$0.16,429.00%,0.38,$46.68,$42.44,"2,852,262",2026-03-18 18:12:47,0.28,"25,090,856,960",0
PULS,PGIM Ultra Short Bond ETF,Bond,"$13,323,600,000.00",2230267,$49.62,FALSE,False,FALSE,FALSE,11.00%,45.00%,6.00%,501.00%,580.00%,385.00%,$12.40,$106.89,$0.0,"$4,060.59","$9,331.42","$12,026.91",Intermediate Term Bond,2018-04-05,15.00%,$2.37,2025-12-30,$0.23,478.00%,Monthly,70.00%,,101.00%,33.00%,35.00%,38.00%,Prudential,1099,A,,,A,,A-,,$49.63,$49.64,-1.00%,73.00%,16.00%,93.00%,481.00%,471.00%,$2.34,$0.17,51.00%,1.58,$49.64,$47.26,"2,642,592",2026-03-18 18:12:48,0.01,"14,201,936,896",0
CMF,iShares California Muni Bond ETF,Bond,"$3,794,280,000.00",400263,$57.50,FALSE,False,FALSE,FALSE,24.00%,38.00%,7.00%,328.00%,358.00%,54.00%,$22.89,$157.36,$0.0,$134.02,"$1,751.51","$2,279.86",Miscellaneous,2007-10-04,8.00%,$1.69,2025-12-19,$0.14,294.00%,Monthly,110.00%,,468.00%,81.00%,154.00%,226.00%,"BlackRock, Inc.",1099,A,A+,A,A,A+,A-,A+,$57.46,$57.51,-9.00%,41.00%,-100.00%,78.00%,462.00%,295.00%,$1.70,$0.14,435.00%,0.14,$58.30,$52.16,"443,854",2026-03-18 18:12:49,0.26,"4,147,450,624",0
ITM,VanEck Intermediate Muni ETF,Bond,"$2,121,790,000.00",185780,$47.18,FALSE,False,FALSE,FALSE,3.00%,71.00%,4.00%,501.00%,390.00%,38.00%,$0.00,$39.90,$0.0,$97.35,$104.97,$530.56,Miscellaneous,2007-12-04,18.00%,$1.35,2025-12-29,$0.12,286.00%,Monthly,103.00%,,1875.00%,127.00%,191.00%,237.00%,VanEck,1099,A-,,A-,B,A,B-,A,$47.01,$47.03,-4.00%,10.00%,-140.00%,42.00%,552.00%,289.00%,$1.36,$0.10,413.00%,0.37,$47.92,$42.28,"204,363",2026-03-18 18:12:50,0.28,"2,221,093,376",0.02893
VUSB,Vanguard Ultra-Short Bond ETF,Bond,"$6,735,660,000.00",1345834,$49.85,FALSE,False,FALSE,FALSE,4.00%,45.00%,2.00%,522.00%,547.00%,,$42.32,$306.20,$0.0,"$2,304.47","$3,396.04","$6,700.52",Miscellaneous,2021-04-05,10.00%,$2.51,2025-12-18,$0.18,505.00%,Monthly,73.00%,,89.00%,55.00%,49.00%,47.00%,Vanguard,1099,A-,,A-,A-,A,A,,$49.74,$49.75,-2.00%,48.00%,-9.00%,68.00%,465.00%,453.00%,$2.25,$0.17,71.00%,0.92,$49.85,$47.43,"1,719,689",2026-03-18 18:12:51,0.03,"8,021,382,144",0
HYMB,State Street SPDR Nuveen ICE High Yield Municipal Bond ETF,Bond,"$2,894,010,000.00",824448,$24.96,FALSE,False,FALSE,FALSE,20.00%,21.00%,8.00%,195.00%,509.00%,58.00%,$0.00,$64.65,$0.0,$142.61,$603.18,"$1,808.45",Miscellaneous,2011-04-13,35.00%,$1.13,2025-12-18,$0.10,455.00%,Monthly,48.00%,,4863.00%,198.00%,259.00%,324.00%,State Street,1099,A,,A-,C+,A,A,B,$25.09,$25.10,-5.00%,126.00%,-40.00%,130.00%,258.00%,452.00%,$1.14,$0.09,573.00%,-0.25,$25.40,$22.54,"710,042",2026-03-18 18:12:52,0.38,"3,040,914,432",0
ICVT,iShares Convertible Bond ETF,Bond,"$3,992,580,000.00",593341,$100.03,FALSE,False,FALSE,FALSE,38.00%,78.00%,155.00%,1986.00%,1523.00%,382.00%,$0.00,$314.30,$0.0,"$1,046.19","$1,395.69","$2,481.09",Miscellaneous,2015-06-02,20.00%,$1.70,2025-12-19,$0.22,170.00%,Monthly,695.00%,,1579.00%,1219.00%,1568.00%,1353.00%,"BlackRock, Inc.",1099,B+,,A+,C,B+,C+,A-,$105.07,$104.42,62.00%,528.00%,37.00%,752.00%,2635.00%,157.00%,$1.65,$0.13,1337.00%,1.67,$106.08,$75.81,"785,776",2026-03-18 18:12:53,0.66,"5,505,207,808",0
HYS,PIMCO 0-5 Year High Yield Corporate Bond Index Exchange-Traded Fund,Bond,"$1,530,850,000.00",98248,$94.92,FALSE,False,FALSE,FALSE,12.00%,110.00%,11.00%,870.00%,956.00%,538.00%,$0.00,$9.51,$0.0,$184.34,$122.84,-$232.84,Miscellaneous,2011-06-16,56.00%,$6.83,2025-12-31,$0.62,720.00%,Monthly,248.00%,,756.00%,183.00%,261.00%,287.00%,Allianz Investment Management LLC,1099,B+,,C,B,B+,A-,A-,$93.37,$93.43,-6.00%,-39.00%,-63.00%,11.00%,707.00%,739.00%,$6.90,$0.59,528.00%,0.58,$94.31,$81.02,"140,066",2026-03-18 18:12:53,0.32,"1,652,150,528",0.0739
GBIL,ACCESS TREASURY 0-1 YEAR ETF,Bond,"$6,692,690,000.00",689991,$99.97,FALSE,False,FALSE,FALSE,7.00%,38.00%,3.00%,422.00%,477.00%,303.00%,-$9.02,$161.18,$0.0,$844.80,"$1,483.20","$4,072.63",Miscellaneous,2016-09-06,12.00%,$4.02,2025-12-31,$0.34,402.00%,Monthly,118.00%,,41.00%,16.00%,20.00%,22.00%,Goldman Sachs,1099,B+,,A,A,A,B+,,$100.07,$100.07,0.00%,65.00%,26.00%,81.00%,402.00%,390.00%,$3.90,$0.28,25.00%,0.09,$100.08,$96.20,"783,218",2026-03-18 18:12:54,0.01,"7,108,601,344",0
USFR,WisdomTree Floating Rate Treasury Fund,Bond,"$16,372,900,000.00",4200075,$50.33,FALSE,False,FALSE,FALSE,8.00%,39.00%,2.00%,422.00%,496.00%,335.00%,$36.69,-$156.70,$0.0,-$158.29,"$3,252.97","$15,153.10",Miscellaneous,2014-02-04,15.00%,$2.09,2025-12-26,$0.16,414.00%,Monthly,58.00%,,25.00%,12.00%,24.00%,26.00%,"WisdomTree, Inc.",1099,A,,A,A,A,A-,,$50.43,$50.43,0.00%,80.00%,31.00%,97.00%,413.00%,406.00%,$2.05,$0.15,29.00%,0.45,$50.43,$48.43,"4,891,993",2026-03-18 18:12:55,0.09,"16,022,663,168",0
FLCB,Franklin U.S. Core Bond ETF,Bond,"$2,791,100,000.00",422894,$21.61,FALSE,False,FALSE,FALSE,-21.00%,10.00%,-5.00%,699.00%,471.00%,-54.00%,$22.75,$21.67,$0.0,$406.90,"$1,252.46","$1,497.02",Intermediate Term Bond,2019-09-17,15.00%,$0.91,2025-12-19,$0.08,419.00%,Monthly,48.00%,,2780.00%,253.00%,299.00%,330.00%,Franklin Templeton,1099,A-,,,B-,,B-,,$21.58,$21.60,-7.00%,54.00%,-87.00%,42.00%,518.00%,419.00%,$0.90,$0.07,419.00%,0.28,$21.89,$20.10,"446,068",2026-03-18 18:12:56,0.24,"2,913,282,816",0
EAGG,iShares ESG Aware US Aggregate Bond ETF,Bond,"$4,405,570,000.00",293081,$47.83,FALSE,False,FALSE,FALSE,-21.00%,8.00%,-4.00%,704.00%,458.00%,-50.00%,$52.71,$110.17,$0.0,$632.39,"$2,075.13","$3,924.17",Intermediate Term Bond,2018-10-18,10.00%,$1.87,2025-12-19,$0.16,392.00%,Monthly,107.00%,,334.00%,263.00%,303.00%,319.00%,"BlackRock, Inc.",1099,A-,,,B-,,C+,,$47.76,$47.80,-9.00%,50.00%,-97.00%,35.00%,524.00%,394.00%,$1.88,$0.15,423.00%,0.29,$48.45,$44.50,"372,277",2026-03-18 18:12:57,0.26,"4,621,775,360",0
JPHY,JPMorgan Active High Yield ETF,Bond,"$2,143,140,000.00",33428,$50.64,FALSE,False,FALSE,FALSE,15.00%,74.00%,9.00%,,,,$0.00,$2.53,$0.0,$116.02,$116.02,$116.02,Miscellaneous,2025-06-24,45.00%,$1.68,2025-12-31,$0.26,331.00%,Annually,,,116.00%,140.00%,271.00%,286.00%,JP Morgan,1099,B+,,A-,C+,B-,C,,$50.16,$50.10,11.00%,8.00%,-57.00%,58.00%,418.00%,438.00%,$2.20,$0.26,274.00%,0.07,$50.57,$48.10,"38,116",2026-03-18 18:12:58,0.27,"2,151,117,568",0
TLH,iShares 10-20 Year Treasury Bond ETF,Bond,"$12,472,600,000.00",1320767,$101.51,FALSE,False,FALSE,FALSE,-47.00%,-76.00%,-16.00%,611.00%,194.00%,-561.00%,$51.05,-$20.03,$0.0,"$5,509.10","$6,864.83","$12,433.62",Miscellaneous,2007-01-05,15.00%,$4.24,2025-12-19,$0.38,417.00%,Monthly,257.00%,,2365.00%,527.00%,616.00%,699.00%,"BlackRock, Inc.",1099,A-,,C+,C+,B-,B,C,$101.57,$101.65,-8.00%,76.00%,-205.00%,30.00%,268.00%,429.00%,$4.36,$0.34,908.00%,-0.15,$104.72,$93.36,"1,555,116",2026-03-18 18:12:59,0.44,"12,852,487,168",0
TDTT,FlexShares iBoxx 3-Year Target Duration TIPS Index Fund,Bond,"$2,530,580,000.00",200867,$24.05,FALSE,False,FALSE,FALSE,4.00%,2.00%,-4.00%,644.00%,499.00%,310.00%,-$6.01,-$8.40,$0.0,$542.35,$431.81,"$1,378.21",Miscellaneous,2011-09-19,18.00%,$1.09,2025-12-19,$0.09,453.00%,Monthly,46.00%,,263.00%,128.00%,166.00%,165.00%,Northern Trust Corp.,1099,A-,,B-,A-,B+,A-,C+,$24.35,$24.35,0.00%,125.00%,74.00%,128.00%,544.00%,425.00%,$1.03,$0.09,237.00%,0.61,$24.37,$23.01,"282,293",2026-03-18 18:12:59,0.13,"2,544,050,176",0.042464
PTBD,Pacer Trendpilot US Bond ETF,Bond,"$116,379,000.00",34817,$19.40,FALSE,False,FALSE,FALSE,10.00%,-2.00%,0.00%,223.00%,515.00%,-156.00%,-$1.94,-$3.88,$0.0,-$41.36,-$164.44,-$30.00,Miscellaneous,2019-10-22,60.00%,$1.24,2025-12-23,$0.16,640.00%,Monthly,22.00%,,3532.00%,272.00%,355.00%,355.00%,Pacer Advisors,1099,B-,,,B-,,C+,,$19.06,$19.09,-16.00%,-90.00%,-154.00%,-62.00%,2.00%,561.00%,$1.07,$0.11,429.00%,-0.93,$19.47,$18.42,"26,331",2026-03-18 18:13:00,0.36,"104,443,816",0
HYEM,VanEck Emerging Markets High Yield Bond ETF,Bond,"$435,922,000.00",134664,$19.92,FALSE,False,FALSE,FALSE,15.00%,116.00%,15.00%,917.00%,995.00%,259.00%,$0.00,$0.00,$0.0,$34.52,-$18.25,$289.48,Miscellaneous,2012-05-08,40.00%,$1.33,2025-12-29,$0.11,666.00%,Monthly,57.00%,,1448.00%,429.00%,485.00%,475.00%,VanEck,1099,B+,,A-,C,B+,B,A-,$19.90,$19.93,-15.00%,97.00%,-105.00%,134.00%,803.00%,670.00%,$1.33,$0.10,646.00%,0.62,$20.24,$17.34,"246,154",2026-03-18 18:13:01,0.35,"465,003,168",0
EBND,SPDR Bloomberg Emerging Markets Local Bond ETF,Bond,"$2,227,510,000.00",292292,$21.39,FALSE,False,FALSE,FALSE,-9.00%,148.00%,9.00%,1562.00%,714.00%,-42.00%,$0.00,$0.00,$0.0,$213.87,-$13.81,"$1,561.06",Miscellaneous,2011-02-23,30.00%,$1.18,2025-12-18,$0.11,554.00%,Monthly,86.00%,,1464.00%,332.00%,328.00%,430.00%,State Street,1099,A,A-,B,A-,A,B-,A,$20.80,$20.91,-53.00%,-189.00%,-441.00%,-101.00%,823.00%,576.00%,$1.20,$0.09,666.00%,0.64,$21.85,$18.52,"598,246",2026-03-18 18:13:02,0.4,"2,363,077,120",0
EDV,Vanguard Extended Duration Treasury ETF,Bond,"$3,972,210,000.00",1083377,$64.84,FALSE,False,FALSE,FALSE,-128.00%,-285.00%,-26.00%,42.00%,-381.00%,-1266.00%,$0.00,$0.29,$0.0,$240.72,"$3,267.85","$4,152.99",Miscellaneous,2007-12-06,5.00%,$4.05,2025-12-18,$0.81,624.00%,Quarterly,225.00%,,3211.00%,1014.00%,1165.00%,1371.00%,Vanguard,1099,B+,,C,C,B,A,A-,$65.71,$65.71,1.00%,135.00%,-384.00%,-24.00%,-312.00%,489.00%,$3.21,$0.81,1707.00%,-0.42,$71.07,$59.38,"1,069,894",2026-03-18 18:13:03,0.71,"4,723,133,952",0
STPZ,PIMCO 1-5 Year US TIPS Index Exchange-Traded Fund,Bond,"$431,877,000.00",35009,$53.62,FALSE,False,FALSE,FALSE,-1.00%,1.00%,-8.00%,621.00%,496.00%,313.00%,$0.00,$0.00,$0.0,-$50.14,-$743.14,-$146.21,Miscellaneous,2009-08-20,20.00%,$1.96,2025-12-31,$0.17,366.00%,Monthly,99.00%,,433.00%,130.00%,164.00%,180.00%,Allianz Investment Management LLC,1099,B,,C+,A-,B-,B-,B-,$54.34,$54.31,6.00%,134.00%,78.00%,132.00%,543.00%,357.00%,$1.94,$0.17,236.00%,0.6,$54.36,$51.44,"33,057",2026-03-18 18:13:04,0.11,"439,841,664",0.035701
LDUR,PIMCO Enhanced Low Duration Active ETF,Bond,"$1,211,080,000.00",70006,$95.95,FALSE,False,FALSE,FALSE,3.00%,46.00%,0.00%,580.00%,523.00%,211.00%,$19.25,$194.14,$0.0,$351.16,-$189.87,$530.40,Intermediate Term Bond,2014-01-22,54.00%,$4.41,2025-12-31,$0.35,460.00%,Monthly,151.00%,,531.00%,113.00%,129.00%,138.00%,Allianz Investment Management LLC,1099,B,,B+,A-,B,B,B-,$95.78,$95.79,-2.00%,46.00%,-30.00%,57.00%,460.00%,447.00%,$4.28,$0.30,179.00%,0.34,$96.19,$90.78,"99,513",2026-03-18 18:13:05,0.03,"1,363,609,984",0
DIAL,Columbia Diversified Fixed Income Allocation ETF,Bond,"$426,184,000.00",91711,$18.35,FALSE,False,TRUE,FALSE,-31.00%,37.00%,-4.00%,975.00%,664.00%,11.00%,$0.00,-$3.68,$0.0,$33.75,-$117.96,-$175.21,Intermediate Term Bond,2017-10-12,29.00%,$0.88,2025-12-29,$0.08,481.00%,Monthly,54.00%,,925.00%,292.00%,281.00%,326.00%,Ameriprise Financial,1099,B,,,B,,B+,,$18.20,$18.22,-11.00%,2.00%,-153.00%,14.00%,713.00%,493.00%,$0.90,$0.08,419.00%,0.75,$18.58,$16.51,"63,392",2026-03-18 18:13:06,0.42,"446,061,504",0
QLTA,iShares Aaa - A Rated Corporate Bond ETF,Bond,"$1,725,900,000.00",299580,$48.05,FALSE,False,FALSE,FALSE,-37.00%,-14.00%,-8.00%,729.00%,532.00%,-64.00%,$0.00,$4.83,$0.0,$54.88,$945.18,$562.71,Miscellaneous,2012-02-14,15.00%,$2.08,2025-12-19,$0.18,434.00%,Monthly,119.00%,,1256.00%,315.00%,348.00%,373.00%,"BlackRock, Inc.",1099,B,,A,C+,B+,C+,A-,$47.69,$47.69,0.00%,-2.00%,-145.00%,-22.00%,509.00%,438.00%,$2.09,$0.18,514.00%,0.21,$48.52,$44.01,"238,765",2026-03-18 18:13:06,0.36,"1,750,756,352",0.043762
IGOV,iShares International Treasury Bond ETF,Bond,"$987,189,000.00",193414,$41.60,FALSE,False,FALSE,FALSE,-66.00%,-86.00%,-14.00%,893.00%,224.00%,-545.00%,$0.00,-$23.12,$0.0,$497.95,-$186.98,$177.43,Miscellaneous,2009-01-21,35.00%,$0.00,2024-12-18,$0.23,0.00%,Annually,150.00%,,6372.00%,823.00%,636.00%,713.00%,"BlackRock, Inc.",1099,A,A-,A-,B+,A,A-,A,$41.29,$41.44,-36.00%,-75.00%,-391.00%,-73.00%,523.00%,142.00%,$0.59,$0.59,869.00%,0.14,$43.12,$38.53,"319,495",2026-03-18 18:13:07,0.44,"1,223,539,712",0.014217
UITB,VictoryShares Core Intermediate Bond ETF,Bond,"$2,703,650,000.00",137809,$47.33,FALSE,False,FALSE,FALSE,-18.00%,3.00%,-6.00%,718.00%,516.00%,18.00%,$0.00,$37.81,$0.0,$254.58,"$1,301.99","$2,193.22",Intermediate Term Bond,2017-10-24,38.00%,$1.91,2025-12-11,$0.30,404.00%,Monthly,108.00%,,697.00%,243.00%,285.00%,306.00%,Victory Capital,1099,B+,,,B,,C+,,$47.21,$47.22,-3.00%,49.00%,-91.00%,37.00%,530.00%,408.00%,$1.93,$0.16,399.00%,0.33,$47.89,$43.94,"141,170",2026-03-18 18:13:08,0.24,"2,685,547,776",0
AGGY,WisdomTree Yield Enhanced U.S. Aggregate Bond Fund,Bond,"$821,004,000.00",65786,$44.00,FALSE,False,FALSE,FALSE,-25.00%,-1.00%,-11.00%,731.00%,542.00%,-49.00%,$4.41,-$4.42,$0.0,-$140.95,-$91.09,-$159.82,Intermediate Term Bond,2015-07-09,12.00%,$1.97,2025-12-26,$0.18,449.00%,Monthly,109.00%,,892.00%,279.00%,335.00%,355.00%,"WisdomTree, Inc.",1099,B,,,C+,,B,,$43.85,$43.87,-6.00%,33.00%,-132.00%,20.00%,572.00%,447.00%,$1.96,$0.14,498.00%,0.35,$44.58,$40.43,"59,314",2026-03-18 18:13:09,0.3,"899,599,296",0
BNDS,Infrastructure Capital Bond Income ETF,Bond,"$30,148,100.00",11297,$50.40,FALSE,False,FALSE,FALSE,31.00%,66.00%,22.00%,,,,$5.03,$10.08,$0.0,$29.96,$29.96,$29.96,Intermediate Term Bond,2025-01-15,81.00%,$4.01,2025-12-30,$0.34,796.00%,Monthly,,,273.00%,227.00%,295.00%,331.00%,Infrastructure Capital Advisors LLC,1099,C,,A-,B-,B-,A-,,$50.40,$50.48,-16.00%,132.00%,-155.00%,173.00%,937.00%,798.00%,$4.02,$0.34,565.00%,0.95,$51.67,$43.15,"14,301",2026-03-18 18:13:10,0.37,"47,105,952",0
SUSB,iShares ESG Aware 1-5 Year USD Corporate Bond ETF,Bond,"$1,064,800,000.00",132920,$25.23,FALSE,False,TRUE,FALSE,-4.00%,49.00%,-4.00%,675.00%,585.00%,210.00%,$6.31,$18.91,$0.0,$48.11,$56.10,$593.36,Miscellaneous,2017-07-11,12.00%,$1.11,2025-12-19,$0.10,440.00%,Monthly,50.00%,,524.00%,127.00%,156.00%,162.00%,"BlackRock, Inc.",1099,B,,B-,B+,B-,C+,,$25.07,$25.08,-4.00%,10.00%,-66.00%,25.00%,529.00%,445.00%,$1.12,$0.09,221.00%,0.58,$25.30,$23.59,"166,661",2026-03-18 18:13:11,0.12,"1,091,962,752",0.044515
IGHG,ProShares Investment Grade-Interest Rate Hedged,Bond,"$278,132,000.00",17528,$78.61,FALSE,False,TRUE,FALSE,-11.00%,70.00%,24.00%,601.00%,887.00%,522.00%,$0.00,$1.96,$0.0,$35.83,-$126.39,-$137.14,Miscellaneous,2013-11-05,30.00%,$4.03,2025-12-24,$0.32,512.00%,Monthly,173.00%,,782.00%,544.00%,446.00%,394.00%,Proshare Advisors LLC,1099,C+,,C,B,C+,A-,B-,$77.45,$77.41,5.00%,-64.00%,-66.00%,-21.00%,549.00%,519.00%,$4.02,$0.33,432.00%,0.35,$78.60,$70.51,"11,175",2026-03-18 18:13:12,0.18,"283,672,800",0
HTRB,Hartford Total Return Bond ETF,Bond,"$2,069,170,000.00",173380,$34.12,FALSE,False,FALSE,FALSE,-27.00%,2.00%,-8.00%,718.00%,557.00%,-1.00%,$3.42,$11.98,$0.0,$56.65,"$1,064.41","$1,417.33",Intermediate Term Bond,2017-09-27,29.00%,$1.59,2025-12-30,$0.25,467.00%,Monthly,80.00%,,2384.00%,249.00%,304.00%,321.00%,"The Hartford Insurance Group, Inc.",1099,B+,,,C+,,B+,,$34.04,$34.07,-9.00%,38.00%,-117.00%,32.00%,528.00%,462.00%,$1.57,$0.12,431.00%,0.3,$34.58,$31.51,"347,672",2026-03-18 18:13:13,0.29,"2,326,205,440",0
TIPX,State Street SPDR Bloomberg 1-10 Year TIPS ETF,Bond,"$1,772,380,000.00",278991,$19.08,FALSE,False,FALSE,FALSE,-5.00%,-9.00%,0.00%,703.00%,487.00%,236.00%,$3.82,-$7.64,$0.0,$353.22,$359.97,"$1,397.11",Miscellaneous,2013-05-29,15.00%,$0.72,2025-12-18,$0.07,379.00%,Monthly,40.00%,,887.00%,197.00%,232.00%,238.00%,State Street,1099,A-,,B,A-,B+,B,C+,$19.35,$19.34,4.00%,146.00%,66.00%,135.00%,604.00%,371.00%,$0.72,$0.01,311.00%,0.66,$19.36,$18.05,"207,645",2026-03-18 18:13:14,0.18,"1,846,900,480",0
FLCO,Franklin Investment Grade Corporate ETF,Bond,"$553,580,000.00",114233,$21.63,FALSE,False,FALSE,FALSE,-32.00%,-4.00%,-12.00%,735.00%,572.00%,-58.00%,$0.00,-$4.34,$0.0,-$10.84,-$88.50,-$290.23,Miscellaneous,2016-10-03,35.00%,$1.00,2025-12-19,$0.10,461.00%,Monthly,55.00%,,2957.00%,321.00%,367.00%,383.00%,Franklin Templeton,1099,B-,,B+,C+,C+,C+,,$21.44,$21.48,-17.00%,-17.00%,-164.00%,-42.00%,499.00%,460.00%,$0.99,$0.07,527.00%,0.19,$21.85,$19.75,"180,276",2026-03-18 18:13:14,0.36,"611,281,152",0
GTO,Invesco Total Return Bond ETF,Bond,"$2,024,690,000.00",214594,$47.40,FALSE,False,FALSE,FALSE,-18.00%,22.00%,-3.00%,622.00%,483.00%,-44.00%,$4.75,$21.36,$0.0,$174.19,"$1,186.87","$1,649.64",Intermediate Term Bond,2016-02-10,35.00%,$2.04,2025-12-22,$0.19,431.00%,Monthly,99.00%,,542.00%,245.00%,271.00%,286.00%,Invesco,1099,A-,,,B,,C+,,$47.26,$47.29,-7.00%,46.00%,-109.00%,43.00%,554.00%,476.00%,$2.25,$0.18,389.00%,0.4,$47.97,$43.52,"316,659",2026-03-18 18:13:15,0.31,"1,981,917,440",0
PHB,Invesco Fundamental High Yield® Corporate Bond ETF,Bond,"$378,067,000.00",117787,$18.63,FALSE,False,TRUE,FALSE,16.00%,73.00%,16.00%,873.00%,852.00%,380.00%,$0.00,-$9.29,$0.0,-$30.74,-$412.78,-$344.60,Miscellaneous,2007-11-15,50.00%,$1.11,2025-12-22,$0.09,595.00%,Monthly,49.00%,,1350.00%,235.00%,296.00%,326.00%,Invesco,1099,B,,B+,B-,B,C+,B+,$18.12,$18.07,30.00%,-180.00%,-258.00%,-128.00%,544.00%,564.00%,$1.02,$0.09,517.00%,0.28,$18.67,$16.47,"109,406",2026-03-18 18:13:16,0.38,"377,571,360",0.056357
SPLB,State Street SPDR Portfolio Long Term Corporate Bond ETF,Bond,"$1,104,010,000.00",2581597,$22.56,FALSE,False,FALSE,FALSE,-70.00%,-81.00%,-9.00%,690.00%,533.00%,-317.00%,-$4.54,$34.24,$0.0,$152.29,$561.88,$425.87,Miscellaneous,2009-03-10,4.00%,$1.19,2025-12-18,$0.10,526.00%,Monthly,71.00%,,6741.00%,569.00%,678.00%,707.00%,State Street,1099,A,,A,C,A,A-,,$22.31,$22.30,4.00%,-22.00%,-283.00%,-62.00%,398.00%,535.00%,$1.19,$0.10,984.00%,0,$23.09,$20.02,"4,672,731",2026-03-18 18:13:17,0.66,"1,225,209,728",0
BWX,SPDR Bloomberg International Treasury Bond ETF,Bond,"$1,304,050,000.00",454184,$22.48,FALSE,False,FALSE,FALSE,-53.00%,39.00%,-22.00%,802.00%,203.00%,-488.00%,$0.00,-$26.81,$0.0,$253.80,$172.20,$568.11,Miscellaneous,2007-10-02,35.00%,$0.50,2025-12-18,$0.05,220.00%,Monthly,68.00%,,2370.00%,465.00%,507.00%,613.00%,State Street,1099,A+,B+,A,B,A+,A-,A+,$22.08,$22.16,-34.00%,-142.00%,-410.00%,-138.00%,257.00%,227.00%,$0.50,$0.04,853.00%,-0.17,$23.20,$21.22,"1,170,066",2026-03-18 18:13:18,0.4,"1,682,155,264",0.022686
LTPZ,PIMCO 15+ Year US TIPS Index Exchange-Traded Fund,Bond,"$690,877,000.00",68417,$51.64,FALSE,False,FALSE,FALSE,-49.00%,-130.00%,-21.00%,377.00%,-9.00%,-613.00%,$0.00,$2.58,$0.0,-$2.11,$124.83,$292.52,Miscellaneous,2009-09-03,20.00%,$2.40,2025-12-31,$0.20,465.00%,Monthly,128.00%,,2869.00%,629.00%,752.00%,851.00%,Allianz Investment Management LLC,1099,B,,A+,C,B,B+,C,$52.27,$52.15,23.00%,122.00%,-186.00%,31.00%,112.00%,453.00%,$2.37,$0.20,1090.00%,-0.26,$54.23,$47.28,"68,029",2026-03-18 18:13:19,0.65,"687,412,992",0.045341
HYDW,Xtrackers Low Beta High Yield Bond ETF,Bond,"$70,764,100.00",34094,$47.17,FALSE,False,TRUE,FALSE,0.00%,49.00%,-2.00%,819.00%,788.00%,352.00%,$0.00,$0.00,$0.0,-$249.66,-$601.07,$176.89,Miscellaneous,2018-01-11,20.00%,$2.93,2025-12-22,$0.29,621.00%,Monthly,111.00%,,513.00%,172.00%,224.00%,254.00%,DWS,1099,B,,A,A-,A-,C+,,$46.69,$46.73,-9.00%,-17.00%,-68.00%,1.00%,645.00%,561.00%,$2.62,$0.20,411.00%,0.6,$47.18,$42.56,"10,559",2026-03-18 18:13:20,0.33,"66,142,200",0
SUSC,iShares ESG Aware USD Corporate Bond ETF,Bond,"$1,311,820,000.00",189677,$23.36,FALSE,False,TRUE,FALSE,-34.00%,-2.00%,-8.00%,746.00%,594.00%,-33.00%,$3.51,$12.87,$0.0,$162.29,$454.01,$756.40,Miscellaneous,2017-07-11,18.00%,$1.02,2025-12-19,$0.09,438.00%,Monthly,60.00%,,2751.00%,309.00%,352.00%,377.00%,"BlackRock, Inc.",1099,B,,A-,C+,B-,C+,,$23.17,$23.18,-4.00%,-9.00%,-157.00%,-22.00%,529.00%,442.00%,$1.02,$0.09,517.00%,0.25,$23.59,$10.52,"325,147",2026-03-18 18:13:21,0.37,"1,404,158,720",0
IBDR,iShares iBonds Dec 2026 Term Corporate ETF,Bond,"$3,736,060,000.00",817652,$24.23,FALSE,False,FALSE,FALSE,12.00%,39.00%,0.00%,502.00%,530.00%,102.00%,$27.82,$162.01,$0.0,$616.62,"$2,316.67","$3,198.70",Miscellaneous,2016-09-13,10.00%,$1.02,2025-12-19,$0.09,420.00%,Monthly,34.00%,,110.00%,42.00%,57.00%,66.00%,"BlackRock, Inc.",1099,A-,,A-,A,A,C+,,$24.21,$24.20,3.00%,59.00%,16.00%,82.00%,452.00%,418.00%,$1.01,$0.08,84.00%,0.62,$24.22,$23.11,"854,775",2026-03-18 18:13:22,0.15,"3,715,788,544",0.041846
JMBS,Janus Henderson Mortgage-Backed Securities ETF,Bond,"$7,001,650,000.00",592834,$45.58,FALSE,False,FALSE,FALSE,-42.00%,35.00%,-24.00%,840.00%,520.00%,56.00%,$29.73,$167.72,$0.0,"$2,122.30","$6,061.52","$6,404.83",Miscellaneous,2018-09-12,22.00%,$2.51,2025-12-22,$0.20,550.00%,Monthly,119.00%,,823.00%,291.00%,317.00%,336.00%,Janus Henderson,1099,B-,B,A,A,A-,B,,$45.67,$45.73,-12.00%,108.00%,-79.00%,96.00%,686.00%,509.00%,$2.32,$0.19,466.00%,0.61,$46.32,$41.59,"778,343",2026-03-18 18:13:22,0.26,"6,806,979,584",0
CORP,PIMCO Investment Grade Corporate Bond Index ETF,Bond,"$1,378,290,000.00",52239,$97.82,FALSE,False,FALSE,FALSE,-29.00%,0.00%,-3.00%,791.00%,647.00%,28.00%,$0.00,$9.81,$0.0,$51.95,$406.42,$640.62,Miscellaneous,2010-09-20,41.00%,$4.67,2025-12-31,$0.42,477.00%,Monthly,255.00%,,1313.00%,285.00%,331.00%,356.00%,Allianz Investment Management LLC,1099,B,,A-,C+,B,B,B,$97.07,$97.16,-9.00%,-1.00%,-159.00%,-2.00%,567.00%,484.00%,$4.70,$0.38,497.00%,0.34,$98.86,$88.48,"142,988",2026-03-18 18:13:23,0.35,"1,511,240,576",0
IGBH,iShares Interest Rate Hedged Long-Term Corporate Bond ETF,Bond,"$140,491,000.00",59069,$24.66,FALSE,False,FALSE,FALSE,-8.00%,103.00%,10.00%,822.00%,929.00%,533.00%,$1.23,$7.39,$0.0,$44.67,$30.06,-$440.42,Miscellaneous,2015-07-22,14.00%,$1.54,2025-12-23,$0.12,623.00%,Monthly,67.00%,,1664.00%,246.00%,340.00%,351.00%,"BlackRock, Inc.",1099,B-,,C,B,B,A,,$24.00,$24.01,-2.00%,-180.00%,-187.00%,-121.00%,511.00%,610.00%,$1.47,$0.11,621.00%,0.18,$24.84,$21.30,"63,959",2026-03-18 18:13:24,0.24,"174,592,368",0
CMBS,iShares CMBS ETF,Bond,"$495,511,000.00",56772,$49.15,FALSE,False,FALSE,FALSE,37.00%,29.00%,14.00%,741.00%,570.00%,59.00%,$0.00,$0.00,$0.0,$58.11,-$96.43,$132.70,Miscellaneous,2012-02-14,25.00%,$1.69,2025-12-19,$0.15,344.00%,Monthly,107.00%,,922.00%,377.00%,308.00%,316.00%,"BlackRock, Inc.",1099,A-,B+,A+,C+,A-,B+,A-,$49.13,$49.17,-8.00%,55.00%,-75.00%,56.00%,634.00%,349.00%,$1.72,$0.15,387.00%,0.61,$49.74,$45.95,"41,603",2026-03-18 18:13:25,0.17,"508,944,352",0
SGOV,iShares 0-3 Month Treasury Bond ETF,Bond,"$68,552,700,000.00",15290797,$100.41,FALSE,False,FALSE,FALSE,7.00%,35.00%,3.00%,425.00%,489.00%,324.00%,$827.89,"$2,920.37",$0.0,"$38,451.17","$61,061.65","$67,587.90",Miscellaneous,2020-05-26,9.00%,$4.12,2025-12-19,$0.32,410.00%,Monthly,119.00%,,6.00%,19.00%,16.00%,19.00%,"BlackRock, Inc.",1099,A,,A,A,A+,A-,,$100.54,$100.54,0.00%,71.00%,29.00%,88.00%,409.00%,400.00%,$4.02,$0.27,20.00%,0.46,$100.55,$96.58,"15,927,401",2026-03-18 18:13:26,0.09,"75,028,905,984",0.039984
GIGB,Goldman Sachs Access Investment Grade Corporate Bond ETF,Bond,"$759,091,000.00",81477,$46.25,FALSE,False,TRUE,FALSE,-72.00%,-39.00%,0.00%,700.00%,582.00%,-37.00%,$4.66,$25.53,$0.0,-$117.74,$179.44,$186.34,Miscellaneous,2017-06-06,8.00%,$2.17,2025-12-01,$0.16,468.00%,Monthly,119.00%,,3738.00%,387.00%,376.00%,386.00%,Goldman Sachs,1099,B-,,A,C+,B,B,,$45.92,$45.93,-3.00%,-3.00%,-159.00%,-11.00%,536.00%,469.00%,$2.15,$0.16,536.00%,0.25,$46.75,$42.12,"64,107",2026-03-18 18:13:27,0.38,"890,980,288",0
AGZ,iShares Agency Bond ETF,Bond,"$572,675,000.00",16222,$110.28,FALSE,False,FALSE,FALSE,-8.00%,33.00%,3.00%,608.00%,477.00%,97.00%,$0.00,$0.00,$0.0,-$131.22,-$28.90,-$289.04,Intermediate Term Bond,2008-11-05,20.00%,$4.13,2025-12-19,$0.33,375.00%,Monthly,193.00%,,322.00%,176.00%,234.00%,208.00%,"BlackRock, Inc.",1099,B-,,A-,A-,B+,C,A,$109.92,$109.89,3.00%,27.00%,-42.00%,28.00%,473.00%,375.00%,$4.12,$0.32,276.00%,0.26,$110.67,$103.83,"27,650",2026-03-18 18:13:28,0.11,"577,223,040",0
UCON,First Trust Smith Unconstrained Bond ETF,Bond,"$3,184,220,000.00",579892,$25.17,FALSE,False,FALSE,FALSE,2.00%,29.00%,2.00%,748.00%,662.00%,291.00%,$15.07,$46.40,$0.0,-$243.87,"$1,639.50","$2,952.52",Intermediate Term Bond,2018-06-04,86.00%,$1.28,2025-12-12,$0.11,506.00%,Monthly,57.00%,,563.00%,215.00%,241.00%,249.00%,First Trust,1099,A-,,A,B+,A,B,,$24.97,$24.97,-2.00%,-12.00%,-117.00%,-4.00%,534.00%,463.00%,$1.16,$0.09,262.00%,0.51,$25.48,$23.36,"600,791",2026-03-18 18:13:29,0.17,"3,260,049,152",0
FLTR,VanEck IG Floating Rate ETF,Bond,"$2,538,420,000.00",741978,$25.49,FALSE,False,FALSE,FALSE,19.00%,59.00%,4.00%,525.00%,667.00%,422.00%,$0.00,-$14.03,$0.0,$610.44,"$1,462.51","$2,083.01",Miscellaneous,2011-04-25,14.00%,$1.27,2025-12-29,$0.10,497.00%,Monthly,39.00%,,2032.00%,62.00%,64.00%,66.00%,VanEck,1099,A-,,C,A,B+,A-,C+,$25.48,$25.47,2.00%,65.00%,4.00%,94.00%,491.00%,489.00%,$1.25,$0.09,224.00%,0.41,$25.51,$23.51,"713,293",2026-03-18 18:13:29,0.02,"2,583,079,936",0.048911
TDTF,FlexShares iBoxx 5-Year Target Duration TIPS Index Fund,Bond,"$946,189,000.00",141584,$23.93,FALSE,False,TRUE,FALSE,-13.00%,-29.00%,-15.00%,756.00%,470.00%,180.00%,$4.79,$12.01,$0.0,$193.76,$220.18,$456.73,Miscellaneous,2011-09-19,18.00%,$1.10,2025-12-19,$0.09,458.00%,Monthly,56.00%,,483.00%,202.00%,293.00%,292.00%,Northern Trust Corp.,1099,B+,,A-,B+,A-,A-,C+,$24.33,$24.34,-2.00%,169.00%,60.00%,141.00%,645.00%,433.00%,$1.05,$0.09,377.00%,0.65,$24.37,$22.46,"155,818",2026-03-18 18:13:30,0.23,"1,002,072,192",0
LQDH,iShares Interest Rate Hedged Corporate Bond ETF,Bond,"$578,980,000.00",43405,$93.34,FALSE,False,FALSE,FALSE,-1.00%,75.00%,-1.00%,699.00%,851.00%,500.00%,-$112.06,-$107.40,$0.0,$132.02,$88.93,$176.32,Miscellaneous,2014-05-27,24.00%,$5.66,2025-12-23,$0.46,606.00%,Monthly,208.00%,,161.00%,166.00%,219.00%,236.00%,"BlackRock, Inc.",1099,B-,,C,B+,B-,A,C,$91.88,$91.85,3.00%,-65.00%,-94.00%,-23.00%,522.00%,616.00%,$5.66,$0.44,401.00%,0.3,$93.51,$83.29,"53,496",2026-03-18 18:13:31,0.2,"495,031,808",0
VTC,Vanguard Total Corporate Bond ETF,Bond,"$1,510,490,000.00",98398,$77.60,FALSE,False,FALSE,FALSE,-34.00%,-5.00%,-5.00%,751.00%,605.00%,-17.00%,$0.00,$71.87,$0.0,$368.17,$612.90,$921.85,Miscellaneous,2017-11-07,3.00%,$4.01,2025-12-18,$0.31,517.00%,Monthly,201.00%,,3073.00%,314.00%,349.00%,367.00%,Vanguard,1099,B,,B+,C+,B,B,,$76.98,$77.01,-4.00%,-1.00%,-158.00%,-14.00%,544.00%,486.00%,$3.74,$0.29,525.00%,0.27,$78.37,$70.57,"124,615",2026-03-18 18:13:32,0.37,"1,642,289,024",0.048571
MUNI,PIMCO Intermediate Municipal Bond Active Exchange-Traded Fund,Bond,"$2,533,520,000.00",338469,$52.45,FALSE,False,FALSE,FALSE,15.00%,32.00%,8.00%,469.00%,408.00%,117.00%,$22.05,$123.74,$0.0,$751.08,"$1,493.51","$1,970.02",Miscellaneous,2009-11-30,35.00%,$1.71,2025-12-31,$0.15,326.00%,Monthly,95.00%,,1328.00%,94.00%,150.00%,208.00%,Allianz Investment Management LLC,1099,A-,,B+,B+,B+,B,C+,$52.56,$52.59,-6.00%,73.00%,-89.00%,95.00%,496.00%,325.00%,$1.71,$0.14,380.00%,0.25,$53.23,$48.10,"287,787",2026-03-18 18:13:33,0.2,"2,764,266,496",0
SCHJ,Schwab 1-5 Year Corporate Bond ETF,Bond,"$675,061,000.00",176492,$24.89,FALSE,False,FALSE,FALSE,-4.00%,41.00%,-4.00%,667.00%,594.00%,217.00%,$2.49,$29.89,$0.0,$185.97,$278.42,$570.32,Miscellaneous,2019-10-10,3.00%,$1.10,2025-12-19,$0.08,442.00%,Monthly,49.00%,,530.00%,131.00%,145.00%,156.00%,The Charles Schwab Corp.,1099,B,,,A-,,B,,$24.75,$24.75,0.00%,21.00%,-56.00%,31.00%,552.00%,445.00%,$1.10,$0.09,221.00%,0.69,$24.96,$23.26,"208,712",2026-03-18 18:13:33,0.13,"731,071,488",0
BSCQ,Invesco BulletShares 2026 Corporate Bond ETF,Bond,"$4,302,340,000.00",825152,$19.58,FALSE,False,FALSE,FALSE,5.00%,36.00%,0.00%,491.00%,519.00%,97.00%,$14.67,$26.39,$0.0,$87.70,"$2,714.39","$3,961.08",Miscellaneous,2016-09-14,10.00%,$0.88,2025-12-22,$0.07,451.00%,Monthly,27.00%,,403.00%,59.00%,63.00%,59.00%,Invesco,1099,A-,,A-,A,A,C,,$19.57,$19.57,-3.00%,64.00%,21.00%,86.00%,455.00%,416.00%,$0.81,$0.07,84.00%,0.65,$19.57,$18.64,"920,309",2026-03-18 18:13:34,0.15,"4,155,948,032",0
HYGV,FlexShares High Yield Value-Scored Bond Index Fund,Bond,"$1,170,190,000.00",115769,$40.78,FALSE,False,TRUE,FALSE,10.00%,72.00%,11.00%,783.00%,937.00%,401.00%,-$6.11,-$12.21,$0.0,-$263.61,$156.73,"$1,134.87",Miscellaneous,2018-07-17,37.00%,$3.05,2025-12-19,$0.20,748.00%,Monthly,107.00%,,1489.00%,222.00%,301.00%,342.00%,Northern Trust Corp.,1099,B+,,B+,C+,A-,A,,$40.17,$40.21,-11.00%,-37.00%,-118.00%,3.00%,712.00%,750.00%,$3.01,$0.23,598.00%,0.52,$40.76,$35.53,"159,919",2026-03-18 18:13:35,0.43,"1,143,490,560",0
BNDW,Vanguard Total World Bond ETF,Bond,"$1,575,750,000.00",109691,$68.72,FALSE,False,FALSE,FALSE,-24.00%,-9.00%,-2.00%,490.00%,484.00%,-34.00%,$6.20,$64.95,$0.0,$443.77,$978.16,"$1,180.87",Intermediate Term Bond,2018-09-04,5.00%,$3.62,2025-12-18,$0.78,527.00%,Monthly,117.00%,,2383.00%,203.00%,227.00%,262.00%,Vanguard,1099,B+,,,B+,,C+,,$68.62,$68.69,-10.00%,38.00%,-104.00%,27.00%,438.00%,415.00%,$2.85,$0.18,331.00%,0.11,$69.74,$65.29,"122,361",2026-03-18 18:13:36,0.24,"1,600,030,080",0.041475
PWZ,Invesco California AMT-Free Municipal Bond ETF,Bond,"$1,094,860,000.00",213764,$24.21,FALSE,False,FALSE,FALSE,21.00%,30.00%,21.00%,174.00%,336.00%,-4.00%,$2.41,$4.83,$0.0,$383.50,$504.22,$692.12,Miscellaneous,2007-10-11,28.00%,$0.89,2025-12-22,$0.08,366.00%,Monthly,59.00%,,6155.00%,219.00%,274.00%,383.00%,Invesco,1099,A+,A,A+,B+,A,A,A-,$24.19,$24.23,-14.00%,57.00%,-82.00%,100.00%,334.00%,350.00%,$0.85,$0.08,726.00%,-0.09,$24.59,$21.52,"164,043",2026-03-18 18:13:37,0.35,"1,099,858,560",0
SPHY,State Street SPDR Portfolio High Yield Bond ETF,Bond,"$10,463,400,000.00",4578948,$23.69,FALSE,False,FALSE,FALSE,8.00%,76.00%,8.00%,840.00%,999.00%,467.00%,$66.19,$292.72,$0.0,"$3,676.84","$9,480.21","$10,251.74",Miscellaneous,2012-06-18,5.00%,$1.75,2025-12-18,$0.14,737.00%,Monthly,63.00%,,1985.00%,218.00%,284.00%,318.00%,State Street,1099,A,,,B,,A,,$23.35,$23.38,-11.00%,-25.00%,-95.00%,9.00%,718.00%,738.00%,$1.72,$0.14,527.00%,0.6,$23.64,$20.78,"5,627,206",2026-03-18 18:13:38,0.39,"10,798,016,512",0
EUSB,iShares ESG Advanced Universal USD Bond ETF,Bond,"$693,939,000.00",42802,$43.85,FALSE,False,FALSE,FALSE,-11.00%,18.00%,-14.00%,720.00%,495.00%,-10.00%,$0.00,$13.14,$0.0,-$1.73,-$116.49,$643.91,Intermediate Term Bond,2020-06-23,12.00%,$1.69,2025-12-19,$0.14,385.00%,Monthly,98.00%,,382.00%,255.00%,291.00%,309.00%,"BlackRock, Inc.",1099,B,,,B,,C+,,$43.68,$43.75,-16.00%,25.00%,-107.00%,16.00%,521.00%,388.00%,$1.70,$0.14,396.00%,0.31,$44.33,$40.69,"57,317",2026-03-18 18:13:38,0.25,"724,213,632",0
NYF,iShares New York Muni Bond ETF,Bond,"$1,068,000,000.00",106037,$53.62,FALSE,False,FALSE,FALSE,28.00%,54.00%,21.00%,379.00%,356.00%,75.00%,$18.68,$50.69,$0.0,$262.75,$500.89,$615.79,Miscellaneous,2007-10-04,9.00%,$1.60,2025-12-19,$0.14,298.00%,Monthly,97.00%,,2984.00%,120.00%,162.00%,229.00%,"BlackRock, Inc.",1099,A-,A,A+,A+,A+,A-,A+,$53.63,$53.63,0.00%,53.00%,-79.00%,85.00%,436.00%,302.00%,$1.62,$0.14,391.00%,0.09,$54.38,$48.65,"180,166",2026-03-18 18:13:40,0.26,"1,226,440,192",0
SMMU,PIMCO Short Term Municipal Bond Active ETF,Bond,"$977,444,000.00",96864,$50.49,FALSE,False,FALSE,FALSE,14.00%,43.00%,12.00%,418.00%,375.00%,176.00%,$4.04,$22.21,$0.0,$314.29,$393.15,$695.27,Miscellaneous,2010-02-01,35.00%,$1.41,2025-12-31,$0.12,279.00%,Monthly,67.00%,,90.00%,71.00%,81.00%,87.00%,Allianz Investment Management LLC,1099,B+,,B-,A,B,B-,C+,$50.62,$50.62,-1.00%,70.00%,-19.00%,94.00%,413.00%,279.00%,$1.41,$0.12,176.00%,0.07,$50.78,$44.34,"111,480",2026-03-18 18:13:40,0.09,"1,041,218,752",0
IBDS,iShares iBonds Dec 2027 Term Corporate ETF,Bond,"$3,554,280,000.00",913420,$24.29,FALSE,False,FALSE,FALSE,8.00%,53.00%,4.00%,585.00%,565.00%,99.00%,$25.47,$36.30,$0.0,$709.61,"$2,407.06","$3,154.39",Miscellaneous,2017-09-12,10.00%,$1.06,2025-12-19,$0.09,436.00%,Monthly,40.00%,,269.00%,92.00%,93.00%,106.00%,"BlackRock, Inc.",1099,A-,,B+,A,A,C+,,$24.20,$24.20,1.00%,34.00%,-17.00%,55.00%,501.00%,434.00%,$1.05,$0.09,154.00%,0.65,$24.27,$22.96,"616,156",2026-03-18 18:13:41,0.2,"3,738,933,504",0
LEMB,iShares J.P. Morgan EM Local Currency Bond ETF,Bond,"$645,548,000.00",173708,$41.61,FALSE,False,FALSE,FALSE,-2.00%,160.00%,10.00%,1803.00%,758.00%,2.00%,$0.00,$58.41,$0.0,$267.73,$143.17,$194.43,Miscellaneous,2011-10-18,30.00%,$1.01,2025-12-19,$1.02,244.00%,Annually,186.00%,,1344.00%,299.00%,359.00%,468.00%,"BlackRock, Inc.",1099,A-,B+,C,B+,A-,A-,A-,$41.10,$41.28,-44.00%,-123.00%,-406.00%,-38.00%,1126.00%,247.00%,$1.02,$1.02,651.00%,1.11,$43.12,$35.48,"353,477",2026-03-18 18:13:42,0.33,"898,917,504",0.024696
CEMB,iShares J.P. Morgan EM Corporate Bond ETF,Bond,"$386,864,000.00",49241,$45.83,FALSE,False,FALSE,FALSE,-13.00%,59.00%,-9.00%,867.00%,764.00%,162.00%,$0.00,-$4.57,$0.0,-$33.31,$66.05,$202.95,Miscellaneous,2012-04-17,50.00%,$2.36,2025-12-19,$0.20,515.00%,Monthly,123.00%,,1273.00%,260.00%,269.00%,264.00%,"BlackRock, Inc.",1099,B-,,C+,B+,B+,A-,A-,$45.51,$45.59,-18.00%,13.00%,-113.00%,25.00%,625.00%,515.00%,$2.34,$0.20,404.00%,0.56,$46.30,$41.29,"48,537",2026-03-18 18:13:43,0.29,"414,038,592",0
IG,Principal Investment Grade Corporate Active ETF,Bond,"$149,341,000.00",37456,$20.83,FALSE,False,FALSE,FALSE,-43.00%,-7.00%,-28.00%,756.00%,571.00%,-56.00%,$0.00,$0.00,$0.0,$55.03,$125.62,-$94.86,Miscellaneous,2018-04-18,19.00%,$1.06,2025-12-29,$0.10,507.00%,Monthly,54.00%,,3818.00%,329.00%,394.00%,398.00%,Principal,1099,C+,,B+,C,B-,B+,,$20.66,$20.68,-10.00%,-3.00%,-184.00%,-18.00%,528.00%,504.00%,$1.04,$0.08,571.00%,0.22,$21.12,$18.87,"30,617",2026-03-18 18:13:44,0.39,"168,611,408",0
MMIN,NYLI MacKay Muni Insured ETF,Bond,"$363,545,000.00",55325,$24.00,FALSE,False,FALSE,FALSE,21.00%,54.00%,25.00%,442.00%,439.00%,44.00%,$2.40,$8.38,$0.0,-$121.60,$6.00,$140.05,Miscellaneous,2017-10-18,30.00%,$0.97,2025-12-30,$0.08,405.00%,Monthly,53.00%,,3765.00%,239.00%,257.00%,333.00%,New York Life,1099,A-,,,C+,,A,,$24.03,$24.05,-8.00%,77.00%,-77.00%,120.00%,533.00%,408.00%,$0.98,$0.07,521.00%,0.26,$24.38,$21.47,"102,434",2026-03-18 18:13:45,0.31,"414,919,456",0
GNMA,iShares GNMA Bond ETF,Bond,"$402,132,000.00",29769,$44.38,FALSE,False,FALSE,FALSE,-25.00%,17.00%,-36.00%,805.00%,471.00%,10.00%,$4.44,$6.66,$0.0,$48.53,-$114.94,-$54.36,Miscellaneous,2012-02-14,10.00%,$1.86,2025-12-19,$0.16,420.00%,Monthly,108.00%,,1095.00%,270.00%,276.00%,348.00%,"BlackRock, Inc.",1099,B,A-,B-,B+,B+,A-,B+,$44.60,$44.63,-7.00%,119.00%,-60.00%,100.00%,680.00%,418.00%,$1.87,$0.15,470.00%,0.6,$45.34,$40.93,"27,858",2026-03-18 18:13:45,0.26,"409,013,152",0
EMHY,iShares J.P. Morgan EM High Yield Bond ETF,Bond,"$539,467,000.00",103925,$40.35,FALSE,False,FALSE,FALSE,-11.00%,123.00%,-4.00%,1311.00%,1236.00%,389.00%,$4.02,$12.06,$0.0,$49.20,$168.30,$285.49,Miscellaneous,2012-04-03,50.00%,$2.72,2025-12-19,$0.21,675.00%,Monthly,156.00%,,1725.00%,318.00%,424.00%,531.00%,"BlackRock, Inc.",1099,A-,C+,B-,C,B,A,A-,$39.78,$39.90,-30.00%,-39.00%,-229.00%,-15.00%,1034.00%,649.00%,$2.58,$0.22,708.00%,0.9,$40.77,$33.71,"135,095",2026-03-18 18:13:46,0.48,"594,270,464",0
VRIG,Invesco Variable Rate Investment Grade ETF,Bond,"$1,362,330,000.00",344003,$25.10,FALSE,False,FALSE,FALSE,8.00%,51.00%,2.00%,504.00%,641.00%,422.00%,$0.00,$71.54,$0.0,$249.50,$801.40,$907.84,Intermediate Term Bond,2016-09-22,30.00%,$1.38,2025-12-22,$0.10,551.00%,Monthly,36.00%,,149.00%,37.00%,45.00%,47.00%,Invesco,1099,A-,,,A,,A-,,$25.12,$25.12,2.00%,87.00%,17.00%,107.00%,497.00%,490.00%,$1.23,$0.10,93.00%,1.04,$25.13,$23.70,"446,937",2026-03-18 18:13:47,0.02,"1,427,875,840",0
ULST,State Street Ultra Short Term Bond ETF,Bond,"$622,989,000.00",89497,$40.52,FALSE,False,FALSE,FALSE,2.00%,42.00%,4.00%,485.00%,522.00%,333.00%,$0.00,-$14.22,$0.0,$87.16,$198.85,$306.28,Intermediate Term Bond,2013-10-09,20.00%,$1.81,2025-12-18,$0.17,446.00%,Monthly,55.00%,,17.00%,54.00%,53.00%,55.00%,State Street,1099,A-,,B,A,A-,B,,$40.48,$40.47,2.00%,55.00%,3.00%,70.00%,428.00%,438.00%,$1.77,$0.12,87.00%,0.32,$40.53,$38.74,"92,374",2026-03-18 18:13:48,0.02,"620,725,760",0
FTSD,Franklin Short Duration U.S. Government ETF,Bond,"$272,782,000.00",32831,$90.96,FALSE,False,FALSE,FALSE,10.00%,61.00%,-5.00%,565.00%,522.00%,226.00%,$2.27,$13.64,$0.0,$45.35,$63.71,-$246.36,Miscellaneous,2013-11-04,25.00%,$4.25,2025-12-19,$0.41,467.00%,Monthly,138.00%,,153.00%,133.00%,115.00%,108.00%,Franklin Templeton,1099,,B,,,,C+,,$90.87,$90.73,15.00%,55.00%,-1.00%,88.00%,481.00%,455.00%,$4.13,$0.30,197.00%,0.41,$91.03,$86.07,"30,971",2026-03-18 18:13:49,0.04,"276,014,944",0
WIP,SPDR FTSE International Government Inflation-Protected Bond ETF,Bond,"$352,345,000.00",40464,$39.31,FALSE,False,FALSE,FALSE,-38.00%,161.00%,-20.00%,1488.00%,453.00%,-156.00%,$0.00,$0.00,$0.0,$28.44,-$149.38,$160.18,Miscellaneous,2008-03-13,50.00%,$2.17,2025-12-18,$0.21,553.00%,Monthly,151.00%,,3506.00%,649.00%,621.00%,696.00%,State Street,1099,B+,,B+,C+,A+,A+,A,$39.86,$40.05,-47.00%,188.00%,-292.00%,222.00%,1036.00%,537.00%,$2.14,$0.16,909.00%,0.7,$41.33,$34.17,"141,272",2026-03-18 18:13:50,0.5,"412,437,440",0.053738
GBF,iShares Government/Credit Bond ETF,Bond,"$126,094,000.00",4722,$104.78,FALSE,False,FALSE,FALSE,-23.00%,-8.00%,8.00%,638.00%,439.00%,-86.00%,$0.00,$0.00,$0.0,-$92.90,-$33.63,$18.78,Intermediate Term Bond,2007-01-05,20.00%,$3.98,2025-12-19,$0.33,380.00%,Monthly,221.00%,,1895.00%,264.00%,297.00%,324.00%,"BlackRock, Inc.",1099,C,,B+,B-,C,C+,B,$104.44,$104.58,-13.00%,28.00%,-111.00%,11.00%,449.00%,373.00%,$3.89,$0.31,410.00%,0.12,$106.07,$97.10,"7,554",2026-03-18 18:13:51,0.26,"132,884,184",0
SHYD,VanEck Short High Yield Muni ETF,Bond,"$390,851,000.00",92483,$22.88,FALSE,False,FALSE,FALSE,-24.00%,55.00%,-13.00%,529.00%,422.00%,137.00%,$2.28,$12.52,$0.0,$75.94,-$34.35,$193.31,Miscellaneous,2014-01-13,32.00%,$0.80,2025-12-29,$0.07,351.00%,Monthly,39.00%,,2976.00%,162.00%,221.00%,291.00%,VanEck,1099,B,,C+,C+,C+,B+,,$22.83,$22.86,-13.00%,35.00%,-74.00%,69.00%,449.00%,353.00%,$0.81,$0.06,504.00%,0.1,$23.97,$20.99,"68,178",2026-03-18 18:13:52,0.21,"418,152,416",0
VBND,Vident U.S. Bond Strategy ETF,Bond,"$484,415,000.00",19100,$43.99,FALSE,False,TRUE,FALSE,-10.00%,13.00%,-41.00%,636.00%,539.00%,-18.00%,$0.00,$0.00,$0.0,$34.92,$108.53,$153.09,Intermediate Term Bond,2014-10-15,41.00%,$1.86,2025-12-17,$0.19,423.00%,Monthly,96.00%,,1270.00%,311.00%,383.00%,400.00%,MM VAM LLC,1099,B-,,A,C,B-,B-,,$43.69,$43.63,14.00%,-14.00%,-149.00%,-19.00%,406.00%,411.00%,$1.80,$0.12,480.00%,0.01,$44.66,$40.90,"21,165",2026-03-18 18:13:53,0.25,"506,955,488",0
GOVZ,iShares 25+ Year Treasury STRIPS Bond ETF,Bond,"$323,696,000.00",1049608,$9.23,FALSE,False,FALSE,FALSE,-149.00%,-333.00%,-22.00%,-226.00%,-611.00%,-1422.00%,$0.00,$19.12,$0.0,$51.73,$71.85,$501.81,Miscellaneous,2020-09-22,10.00%,$0.46,2025-12-19,$0.04,499.00%,Monthly,35.00%,,2172.00%,1154.00%,1306.00%,1556.00%,"BlackRock, Inc.",1099,B+,,C,C,B-,A,,$9.27,$9.26,16.00%,130.00%,-393.00%,-49.00%,-551.00%,498.00%,$0.46,$0.04,1918.00%,-0.5,$10.34,$8.42,"1,641,155",2026-03-18 18:13:53,0.75,"319,446,432",0
FLGV,Franklin U.S. Treasury Bond ETF,Bond,"$1,086,100,000.00",87748,$20.51,FALSE,False,FALSE,FALSE,-17.00%,-5.00%,-2.00%,635.00%,364.00%,-79.00%,$9.26,$9.25,$0.0,$216.29,$690.47,$737.16,Miscellaneous,2020-06-09,9.00%,$0.83,2025-12-19,$0.08,407.00%,Monthly,40.00%,,1131.00%,233.00%,289.00%,341.00%,Franklin Templeton,1099,B-,,B,B-,B-,B,,$20.52,$20.52,-4.00%,64.00%,-70.00%,48.00%,446.00%,405.00%,$0.83,$0.06,403.00%,0.11,$20.81,$18.73,"217,721",2026-03-18 18:13:54,0.18,"1,089,622,528",0
SPBO,State Street SPDR Portfolio Corporate Bond ETF,Bond,"$1,808,260,000.00",631620,$29.33,FALSE,False,FALSE,FALSE,-31.00%,4.00%,-3.00%,783.00%,635.00%,-3.00%,$5.88,$32.25,$0.0,-$95.00,"$1,227.52","$1,535.62",Miscellaneous,2011-04-06,3.00%,$1.50,2025-12-18,$0.12,510.00%,Monthly,78.00%,,3153.00%,323.00%,363.00%,376.00%,State Street,1099,A-,,A,C+,A,A-,,$29.09,$29.10,-3.00%,1.00%,-158.00%,-9.00%,569.00%,512.00%,$1.49,$0.12,524.00%,0.32,$29.61,$26.57,"563,281",2026-03-18 18:13:55,0.37,"1,858,280,320",0
ZROZ,PIMCO 25+ Year Zero Coupon US Treasury Index Exchange-Traded Fund,Bond,"$1,598,040,000.00",371038,$63.93,FALSE,False,FALSE,FALSE,-168.00%,-337.00%,-50.00%,-235.00%,-609.00%,-1435.00%,-$36.28,-$66.09,$0.0,$152.85,"$1,167.60","$1,795.41",Miscellaneous,2009-10-30,15.00%,$3.19,2025-12-31,$0.88,499.00%,Quarterly,240.00%,,3343.00%,1101.00%,1263.00%,1525.00%,Allianz Investment Management LLC,1099,B,,C,C,C+,A,C,$64.81,$64.77,5.00%,137.00%,-399.00%,-53.00%,-558.00%,492.00%,$3.19,$0.88,1900.00%,-0.5,$72.39,$58.83,"637,262",2026-03-18 18:13:56,0.76,"1,521,743,360",0
BSCR,Invesco BulletShares 2027 Corporate Bond ETF,Bond,"$4,419,880,000.00",879333,$19.75,FALSE,False,FALSE,FALSE,13.00%,53.00%,3.00%,579.00%,556.00%,90.00%,$5.92,$47.37,$0.0,"$1,913.53","$3,643.97","$4,128.23",Miscellaneous,2017-09-27,10.00%,$0.91,2025-12-22,$0.07,461.00%,Monthly,32.00%,,145.00%,72.00%,79.00%,105.00%,Invesco,1099,A-,,A-,A-,A,C+,,$19.67,$19.68,-8.00%,32.00%,-21.00%,56.00%,497.00%,429.00%,$0.84,$0.07,149.00%,0.65,$19.74,$18.66,"839,271",2026-03-18 18:13:57,0.19,"4,597,411,840",0
TMF,Direxion Daily 20+ Year Treasury Bull 3X Shares,Bond,"$3,988,200,000.00",5159462,$37.10,FALSE,3x,FALSE,FALSE,-255.00%,-561.00%,-59.00%,-422.00%,-1643.00%,-3368.00%,-$63.05,-$67.79,$0.0,"-$1,306.25","$5,447.73","$6,454.24",Miscellaneous,2009-04-16,91.00%,$2.04,2025-12-23,$0.46,549.00%,Quarterly,253.00%,,6363.00%,1997.00%,2315.00%,2644.00%,Rafferty Asset Management,1099,A-,C+,C,C+,C+,B+,A,$37.47,$37.52,-15.00%,98.00%,-797.00%,-231.00%,-1189.00%,404.00%,$1.51,$0.46,3340.00%,-0.48,$47.44,$32.46,"5,780,294",2026-03-18 18:13:58,1.55,"3,313,183,744",0.040411
NUAG,Nuveen Enhanced Yield U.S. Aggregate Bond ETF,Bond,"$66,819,600.00",19991,$21.17,FALSE,False,TRUE,FALSE,-25.00%,-1.00%,-9.00%,720.00%,557.00%,-17.00%,-$4.24,-$3.18,$0.0,$28.18,$32.17,$47.20,Intermediate Term Bond,2016-09-14,19.00%,$0.95,2025-12-18,$0.08,451.00%,Monthly,51.00%,,2845.00%,237.00%,272.00%,298.00%,TIAA Board of Governors,1099,C,,,B,,B,,$21.09,$21.11,-9.00%,35.00%,-123.00%,21.00%,556.00%,440.00%,$0.93,$0.07,416.00%,0.37,$21.41,$19.51,"40,430",2026-03-18 18:13:59,0.29,"74,061,024",0
RAVI,FlexShares Ultra-Short Income Fund,Bond,"$1,380,270,000.00",61652,$75.37,FALSE,False,FALSE,FALSE,8.00%,41.00%,0.00%,493.00%,540.00%,323.00%,$0.00,$14.33,$0.0,$201.82,$483.87,$930.99,Intermediate Term Bond,2012-10-09,25.00%,$3.46,2025-12-19,$0.28,459.00%,Monthly,105.00%,,348.00%,20.00%,31.00%,35.00%,Northern Trust Corp.,1099,B,,C+,A,B-,B+,C+,$75.34,$75.34,0.00%,63.00%,7.00%,78.00%,450.00%,450.00%,$3.39,$0.24,51.00%,0.99,$75.40,$71.74,"60,231",2026-03-18 18:13:59,0.01,"1,416,936,704",0
ILTB,iShares Core 10+ Year USD Bond ETF,Bond,"$626,382,000.00",51756,$49.62,FALSE,False,FALSE,FALSE,-62.00%,-73.00%,-16.00%,700.00%,390.00%,-434.00%,$0.00,$29.82,$0.0,$23.39,$349.97,$336.11,Intermediate Term Bond,2009-12-08,6.00%,$2.40,2025-12-19,$0.20,484.00%,Monthly,148.00%,,2337.00%,486.00%,597.00%,686.00%,"BlackRock, Inc.",1099,B,,C+,C,C+,B+,B,$49.31,$49.38,-13.00%,18.00%,-255.00%,-25.00%,364.00%,488.00%,$2.41,$0.20,939.00%,-0.04,$50.90,$44.60,"48,893",2026-03-18 18:14:00,0.59,"634,980,608",0.04883
FMHI,First Trust Municipal High Income ETF,Bond,"$873,609,000.00",89912,$47.99,FALSE,False,FALSE,FALSE,31.00%,50.00%,12.00%,385.00%,553.00%,153.00%,$2.39,$11.96,$0.0,$129.30,$553.39,$776.78,Miscellaneous,2017-11-01,70.00%,$2.16,2025-12-12,$0.17,451.00%,Monthly,99.00%,,1067.00%,105.00%,177.00%,280.00%,First Trust,1099,B+,,,B-,,A,,$48.14,$48.15,-1.00%,104.00%,-42.00%,153.00%,399.00%,419.00%,$2.02,$0.18,483.00%,0,$48.73,$43.08,"122,052",2026-03-18 18:14:01,0.32,"942,947,840",0
SCHI,Schwab 5-10 Year Corporate Bond ETF,Bond,"$9,904,900,000.00",1824063,$22.96,FALSE,False,FALSE,FALSE,-30.00%,12.00%,-4.00%,935.00%,713.00%,73.00%,$110.62,$262.41,$0.0,"$1,794.50","$9,219.60","$9,437.91",Miscellaneous,2019-10-10,3.00%,$1.14,2025-12-19,$0.09,498.00%,Monthly,68.00%,,730.00%,307.00%,329.00%,340.00%,The Charles Schwab Corp.,1099,A,,,B-,,A-,,$22.77,$22.79,-7.00%,4.00%,-126.00%,-5.00%,711.00%,500.00%,$1.14,$0.09,465.00%,0.67,$23.17,$20.62,"3,024,738",2026-03-18 18:14:02,0.34,"10,837,903,360",0.049967
SMB,VanEck Short Muni ETF,Bond,"$295,405,000.00",62348,$17.42,FALSE,False,FALSE,FALSE,34.00%,80.00%,6.00%,460.00%,340.00%,111.00%,$0.00,$2.60,$0.0,$19.04,-$26.08,$73.48,Miscellaneous,2008-02-22,7.00%,$0.46,2025-12-29,$0.04,263.00%,Monthly,25.00%,,636.00%,186.00%,167.00%,163.00%,VanEck,1099,B-,,B-,A-,B-,C+,B,$17.39,$17.40,-5.00%,27.00%,-19.00%,74.00%,411.00%,267.00%,$0.47,$0.04,236.00%,0.05,$17.49,$16.30,"71,800",2026-03-18 18:14:03,0.09,"303,696,096",0
GSST,Goldman Sachs Ultra Short Bond ETF,Bond,"$1,232,790,000.00",201211,$50.50,FALSE,False,FALSE,FALSE,12.00%,44.00%,6.00%,520.00%,579.00%,347.00%,$0.00,$29.08,$0.0,$532.32,$679.48,"$1,008.38",Miscellaneous,2019-04-15,16.00%,$2.30,2025-12-31,$0.22,456.00%,Monthly,73.00%,,118.00%,44.00%,44.00%,52.00%,Goldman Sachs,1099,,A-,,,,,,$50.51,$50.52,-1.00%,62.00%,9.00%,81.00%,470.00%,443.00%,$2.24,$0.16,72.00%,0.97,$50.54,$48.11,"237,265",2026-03-18 18:14:03,0.02,"1,387,542,016",0
SKOR,FlexShares Credit-Scored US Corporate Bond Index Fund,Bond,"$638,793,000.00",44459,$49.11,FALSE,False,FALSE,FALSE,-12.00%,38.00%,-3.00%,793.00%,666.00%,152.00%,$2.45,$7.37,$0.0,$158.54,$379.41,$393.89,Miscellaneous,2014-11-12,15.00%,$2.31,2025-12-19,$0.20,470.00%,Monthly,119.00%,,1330.00%,194.00%,214.00%,228.00%,Northern Trust Corp.,1099,B-,,B+,B,B,B,B,$48.71,$48.73,-4.00%,-7.00%,-102.00%,3.00%,613.00%,470.00%,$2.29,$0.18,315.00%,0.68,$49.35,$45.04,"72,376",2026-03-18 18:14:04,0.22,"677,442,240",0
JPIB,JPMorgan International Bond Opportunities ETF of Benef Interest,Bond,"$1,485,650,000.00",230863,$48.82,FALSE,False,FALSE,FALSE,15.00%,56.00%,25.00%,815.00%,684.00%,272.00%,$9.76,$53.50,$0.0,$935.64,"$1,146.94","$1,260.03",Intermediate Term Bond,2017-04-05,50.00%,$2.36,2025-12-31,$0.26,483.00%,Monthly,116.00%,,23.00%,186.00%,210.00%,244.00%,JP Morgan,1099,A-,,C+,B+,B+,B+,,$48.10,$48.16,-13.00%,-71.00%,-211.00%,-30.00%,564.00%,493.00%,$2.37,$0.19,322.00%,0.51,$49.23,$44.51,"309,741",2026-03-18 18:14:05,0.24,"1,785,953,664",0
IBDT,iShares iBonds Dec 2028 Term Corporate ETF,Bond,"$3,569,000,000.00",797541,$25.47,FALSE,False,FALSE,FALSE,10.00%,56.00%,4.00%,697.00%,623.00%,82.00%,$38.16,$241.37,$0.0,"$1,067.04","$2,879.76","$3,324.74",Miscellaneous,2018-09-18,10.00%,$1.16,2025-12-19,$0.10,456.00%,Monthly,50.00%,,996.00%,111.00%,126.00%,148.00%,"BlackRock, Inc.",1099,A-,,A-,A-,A,B-,,$25.31,$25.32,-6.00%,8.00%,-48.00%,32.00%,544.00%,458.00%,$1.16,$0.09,214.00%,0.67,$25.55,$23.80,"679,703",2026-03-18 18:14:06,0.25,"3,794,239,744",0
FDHY,Fidelity Enhanced High Yield ETF,Bond,"$464,362,000.00",57497,$49.26,FALSE,False,FALSE,FALSE,-4.00%,92.00%,-14.00%,877.00%,924.00%,382.00%,$0.00,$14.76,$0.0,$95.80,$176.52,$324.28,Miscellaneous,2018-06-12,35.00%,$3.24,2025-12-30,$0.30,657.00%,Monthly,136.00%,,1236.00%,193.00%,299.00%,329.00%,Fidelity,1099,B,,A+,B,A,A-,,$48.80,$48.86,-12.00%,8.00%,-111.00%,49.00%,787.00%,661.00%,$3.22,$0.27,514.00%,0.75,$49.45,$42.77,"72,885",2026-03-18 18:14:07,0.39,"506,536,704",0
MEAR,iShares Short Maturity Municipal Bond Active ETF,Bond,"$1,332,030,000.00",119736,$50.32,FALSE,False,FALSE,FALSE,6.00%,31.00%,0.00%,371.00%,369.00%,223.00%,$7.54,$37.70,$0.0,$554.40,$784.18,"$1,047.70",Miscellaneous,2015-03-03,25.00%,$1.48,2025-12-19,$0.12,294.00%,Monthly,55.00%,,127.00%,66.00%,68.00%,88.00%,"BlackRock, Inc.",1099,B+,,C,A,B+,B,,$50.43,$50.43,0.00%,65.00%,-3.00%,84.00%,347.00%,286.00%,$1.44,$0.11,112.00%,-0.48,$50.68,$48.15,"149,109",2026-03-18 18:14:07,0.03,"1,383,839,104",0
FLTB,Fidelity Limited Term Bond ETF,Bond,"$334,406,000.00",41023,$50.72,FALSE,False,FALSE,FALSE,7.00%,40.00%,12.00%,664.00%,593.00%,202.00%,$5.08,$10.14,$0.0,$143.55,$16.13,$125.81,Miscellaneous,2014-10-06,25.00%,$2.18,2025-12-30,$0.19,431.00%,Monthly,98.00%,,210.00%,177.00%,163.00%,174.00%,Fidelity,1099,C+,,C+,A-,B,B,B+,$50.47,$50.53,-12.00%,18.00%,-52.00%,30.00%,524.00%,434.00%,$2.19,$0.17,213.00%,0.58,$50.99,$47.49,"51,086",2026-03-18 18:14:08,0.1,"370,815,648",0
FCOR,Fidelity Corporate Bond ETF,Bond,"$304,244,000.00",35573,$47.78,FALSE,False,FALSE,FALSE,-50.00%,-11.00%,-10.00%,783.00%,654.00%,1.00%,$0.00,$7.20,$0.0,$52.17,$127.97,$82.69,Miscellaneous,2014-10-06,36.00%,$2.14,2025-12-30,$0.21,447.00%,Monthly,128.00%,,1422.00%,315.00%,340.00%,360.00%,Fidelity,1099,B-,,A,B-,B,B,C+,$47.53,$47.51,4.00%,18.00%,-145.00%,0.00%,585.00%,449.00%,$2.13,$0.17,503.00%,0.37,$48.34,$43.20,"38,457",2026-03-18 18:14:09,0.37,"335,055,712",0
FCVT,First Trust SSI Strategic Convertible Securities ETF,Bond,"$95,515,300.00",48209,$43.79,FALSE,False,FALSE,FALSE,34.00%,191.00%,175.00%,2246.00%,1346.00%,379.00%,$0.00,-$8.74,$0.0,-$7.77,-$73.39,-$127.88,Miscellaneous,2015-11-03,95.00%,$0.90,2025-12-12,$0.05,206.00%,Monthly,343.00%,,3674.00%,1493.00%,1743.00%,1510.00%,First Trust,1099,C+,,,C,C,C+,B+,$45.70,$45.43,59.00%,457.00%,-96.00%,708.00%,3196.00%,168.00%,$0.77,$0.05,1547.00%,1.81,$47.12,$30.85,"28,260",2026-03-18 18:14:10,0.75,"110,004,496",0
DEED,First Trust Securitized Plus ETF,Bond,"$72,366,700.00",31347,$21.60,FALSE,False,FALSE,FALSE,-5.00%,31.00%,0.00%,937.00%,626.00%,47.00%,$0.00,$0.00,$0.0,-$0.13,-$40.99,$90.69,Miscellaneous,2020-04-29,76.00%,$0.95,2025-12-12,$0.07,442.00%,Monthly,55.00%,,1914.00%,324.00%,330.00%,338.00%,First Trust,1099,,,,,,C,,$21.61,$21.63,-9.00%,75.00%,-75.00%,65.00%,655.00%,410.00%,$0.89,$0.08,453.00%,0.56,$21.98,$19.61,"63,108",2026-03-18 18:14:11,0.27,"87,623,248",0
USTB,VictoryShares Short-Term Bond ETF,Bond,"$1,726,870,000.00",133617,$50.83,FALSE,False,FALSE,FALSE,6.00%,45.00%,-2.00%,610.00%,641.00%,334.00%,$5.08,$38.06,$0.0,$802.55,"$1,246.80","$1,471.03",Intermediate Term Bond,2017-10-24,34.00%,$2.35,2025-12-11,$0.36,462.00%,Monthly,87.00%,,753.00%,92.00%,100.00%,108.00%,Victory Capital,1099,B+,,,A,,B+,,$50.74,$50.75,-3.00%,62.00%,-12.00%,76.00%,523.00%,459.00%,$2.33,$0.19,145.00%,0.85,$50.91,$48.05,"192,494",2026-03-18 18:14:12,0.08,"1,969,901,440",0
FEMB,First Trust Emerging Markets Local Currency Bond ETF,Bond,"$302,991,000.00",90161,$29.85,FALSE,False,FALSE,FALSE,-3.00%,141.00%,17.00%,2145.00%,1064.00%,97.00%,$2.97,$13.28,$0.0,$120.83,$166.00,$152.97,Miscellaneous,2014-11-04,85.00%,$1.83,2025-12-12,$0.14,612.00%,Monthly,161.00%,,1102.00%,401.00%,561.00%,628.00%,First Trust,1099,B+,C,C+,B+,B-,A,B-,$29.04,$29.38,-116.00%,-177.00%,-568.00%,-70.00%,1271.00%,593.00%,$1.72,$0.15,867.00%,1,$31.40,$24.30,"182,468",2026-03-18 18:14:13,0.43,"388,690,656",0
NUBD,Nuveen ESG U.S. Aggregate Bond ETF,Bond,"$463,091,000.00",72406,$22.35,FALSE,False,TRUE,FALSE,-18.00%,11.00%,0.00%,680.00%,446.00%,-59.00%,$1.68,$13.96,$0.0,$36.01,$209.59,$314.53,Intermediate Term Bond,2017-09-29,15.00%,$0.87,2025-12-18,$0.08,389.00%,Monthly,49.00%,,953.00%,253.00%,286.00%,338.00%,TIAA Board of Governors,1099,B,,,B-,,C,,$22.32,$22.33,-6.00%,46.00%,-89.00%,32.00%,503.00%,391.00%,$0.87,$0.07,400.00%,0.26,$22.64,$20.85,"85,874",2026-03-18 18:14:13,0.25,"473,152,992",0
HCRB,Hartford Core Bond ETF,Bond,"$348,031,000.00",15675,$35.40,FALSE,False,FALSE,FALSE,-25.00%,5.00%,-8.00%,698.00%,536.00%,-38.00%,$0.00,$7.12,$0.0,$55.80,$98.89,$260.92,Intermediate Term Bond,2020-02-19,29.00%,$1.46,2025-12-30,$0.18,413.00%,Monthly,79.00%,,673.00%,256.00%,293.00%,318.00%,"The Hartford Insurance Group, Inc.",1099,B-,,,B-,,B,,$35.31,$35.35,-13.00%,36.00%,-117.00%,22.00%,497.00%,414.00%,$1.46,$0.11,415.00%,0.23,$35.87,$32.92,"10,754",2026-03-18 18:14:14,0.27,"351,328,512",0
JAAA, Janus Henderson AAA CLO ETF,Bond,"$24,280,200,000.00",5486605,$50.61,FALSE,False,FALSE,FALSE,14.00%,58.00%,6.00%,514.00%,707.00%,457.00%,$30.31,-$931.03,$0.0,"$7,706.42","$22,345.64","$24,173.68",Miscellaneous,2020-10-16,20.00%,$2.94,2025-12-22,$0.25,581.00%,Monthly,75.00%,,263.00%,47.00%,62.00%,72.00%,Janus Henderson,1099,A,,,A,,A,,$50.47,$50.46,3.00%,47.00%,-10.00%,86.00%,522.00%,521.00%,$2.63,$0.19,180.00%,0.67,$50.60,$47.36,"7,321,341",2026-03-18 18:14:15,0.04,"27,166,752,768",0
VCEB,Vanguard ESG U.S. Corporate Bond ETF,Bond,"$1,006,620,000.00",43394,$63.58,FALSE,False,FALSE,FALSE,-34.00%,-1.00%,-8.00%,742.00%,601.00%,-19.00%,$0.00,$19.08,$0.0,$196.45,$633.13,$958.37,Miscellaneous,2020-09-22,12.00%,$3.15,2025-12-18,$0.25,495.00%,Monthly,160.00%,,1451.00%,305.00%,342.00%,360.00%,Vanguard,1099,B-,,,B-,,B-,,$63.00,$63.06,-10.00%,-17.00%,-149.00%,-26.00%,471.00%,430.00%,$2.71,$0.23,488.00%,0.15,$64.11,$58.07,"189,971",2026-03-18 18:14:16,0.36,"1,072,083,968",0
TFLO,iShares Treasury Floating Rate Bond ETF,Bond,"$6,457,190,000.00",1258580,$50.48,FALSE,False,FALSE,FALSE,8.00%,40.00%,4.00%,424.00%,491.00%,332.00%,-$20.17,-$45.42,$0.0,-$10.52,"$2,110.93","$6,070.40",Miscellaneous,2014-02-03,15.00%,$2.10,2025-12-19,$0.16,416.00%,Monthly,59.00%,,69.00%,28.00%,27.00%,28.00%,"BlackRock, Inc.",1099,A-,,A,A,A,A-,,$50.58,$50.57,1.00%,77.00%,31.00%,96.00%,414.00%,406.00%,$2.05,$0.14,29.00%,0.46,$50.58,$48.57,"1,674,981",2026-03-18 18:14:16,0.09,"6,412,356,096",0.040593
BGRN,iShares Trust iShares USD Green Bond ETF,Bond,"$440,799,000.00",20255,$47.90,FALSE,False,FALSE,FALSE,-19.00%,19.00%,-8.00%,719.00%,547.00%,-17.00%,$0.00,$4.79,$0.0,$33.45,$133.98,$320.24,Intermediate Term Bond,2018-11-13,20.00%,$2.02,2025-12-19,$0.17,421.00%,Monthly,109.00%,,532.00%,200.00%,224.00%,237.00%,"BlackRock, Inc.",1099,B-,,,B+,,B-,,$47.56,$47.59,-6.00%,-1.00%,-119.00%,-9.00%,526.00%,425.00%,$2.02,$0.17,340.00%,0.37,$48.25,$44.40,"20,652",2026-03-18 18:14:17,0.23,"456,619,808",0
MLN,VanEck Long Muni ETF,Bond,"$643,287,000.00",250030,$17.59,FALSE,False,FALSE,FALSE,9.00%,77.00%,34.00%,232.00%,387.00%,-105.00%,$0.00,$3.51,$0.0,$130.00,$377.39,$465.02,Miscellaneous,2008-01-02,24.00%,$0.65,2025-12-29,$0.06,371.00%,Monthly,44.00%,,5739.00%,317.00%,299.00%,377.00%,VanEck,1099,A,,A,C,A-,A-,B-,$17.59,$17.60,-3.00%,65.00%,-14.00%,87.00%,453.00%,376.00%,$0.66,$0.05,675.00%,0.08,$17.77,$15.53,"305,662",2026-03-18 18:14:18,0.44,"652,198,592",0
MMIT,NYLI MacKay Muni Intermediate ETF,Bond,"$1,304,810,000.00",230762,$24.34,FALSE,False,FALSE,FALSE,12.00%,49.00%,3.00%,483.00%,396.00%,102.00%,$13.38,$51.08,$0.0,$536.88,$920.19,"$1,243.00",Miscellaneous,2017-10-18,30.00%,$0.86,2025-12-30,$0.07,354.00%,Monthly,43.00%,,737.00%,121.00%,169.00%,257.00%,New York Life,1099,A-,,,B,,B+,,$24.41,$24.41,-2.00%,85.00%,-85.00%,102.00%,496.00%,354.00%,$0.86,$0.07,376.00%,0.25,$24.74,$22.25,"266,362",2026-03-18 18:14:19,0.22,"1,449,338,112",0
GCOR,Goldman Sachs Access U.S. Aggregate Bond ETF,Bond,"$708,002,000.00",56572,$41.52,FALSE,False,FALSE,FALSE,-19.00%,7.00%,0.00%,715.00%,446.00%,-73.00%,$0.00,$24.94,$0.0,$297.11,$278.63,$623.36,Intermediate Term Bond,2020-09-08,8.00%,$1.68,2025-12-31,$0.17,403.00%,Monthly,92.00%,,375.00%,235.00%,281.00%,296.00%,Goldman Sachs,1099,B,,,B-,,B-,,$41.49,$41.50,-2.00%,50.00%,-94.00%,43.00%,529.00%,407.00%,$1.69,$0.13,418.00%,0.31,$42.09,$38.62,"62,527",2026-03-18 18:14:20,0.26,"780,340,736",0
IBD,Inspire Corporate Bond ETF,Bond,"$455,868,000.00",59463,$24.21,FALSE,False,TRUE,FALSE,8.00%,62.00%,4.00%,765.00%,576.00%,111.00%,$0.00,$2.40,$0.0,$109.80,$221.87,$300.78,Miscellaneous,2017-07-10,44.00%,$1.01,2025-12-17,$0.12,418.00%,Quarterly,53.00%,,1358.00%,391.00%,405.00%,369.00%,Inspire Impact Group LLC,1099,B,,B-,C+,C+,C+,,$23.94,$24.01,-28.00%,-54.00%,-119.00%,-9.00%,531.00%,424.00%,$1.02,$0.08,496.00%,0.26,$24.33,$22.31,"62,816",2026-03-18 18:14:21,0.2,"479,679,968",0
PGHY,Invesco Global ex-US High Yield Corporate Bond ETF,Bond,"$188,737,000.00",51675,$19.89,FALSE,False,FALSE,FALSE,-18.00%,57.00%,0.00%,882.00%,913.00%,445.00%,$0.00,$3.98,$0.0,$49.59,-$3.77,$8.35,Miscellaneous,2013-06-20,35.00%,$1.57,2025-12-22,$0.13,790.00%,Monthly,50.00%,,324.00%,216.00%,408.00%,472.00%,Invesco,1099,B,,B-,C+,B,A-,B+,$19.69,$19.67,10.00%,13.00%,-86.00%,23.00%,615.00%,723.00%,$1.42,$0.11,584.00%,0.37,$20.14,$17.56,"69,749",2026-03-18 18:14:22,0.19,"219,781,280",0
FLDR,Fidelity Low Duration Bond Factor ETF,Bond,"$1,231,250,000.00",197541,$50.24,FALSE,False,TRUE,FALSE,8.00%,33.00%,1.00%,539.00%,626.00%,361.00%,$8.80,$44.02,$0.0,$560.38,"$1,023.51",$987.16,Miscellaneous,2018-06-12,15.00%,$2.34,2025-12-30,$0.20,466.00%,Monthly,77.00%,,133.00%,40.00%,46.00%,72.00%,Fidelity,1099,B,,C+,A,A,A,,$50.25,$50.26,-2.00%,70.00%,8.00%,86.00%,482.00%,455.00%,$2.29,$0.17,92.00%,0.89,$50.34,$47.69,"320,176",2026-03-18 18:14:23,0.04,"1,355,990,912",0
BSCS,Invesco BulletShares 2028 Corporate Bond ETF,Bond,"$3,176,060,000.00",715419,$20.61,FALSE,False,FALSE,FALSE,12.00%,60.00%,5.00%,697.00%,617.00%,83.00%,$15.44,$108.04,$0.0,$894.61,"$2,655.62","$2,968.22",Miscellaneous,2018-08-09,10.00%,$1.00,2025-12-22,$0.08,483.00%,Monthly,41.00%,,596.00%,109.00%,127.00%,145.00%,Invesco,1099,B+,,A-,B+,A-,B-,,$20.49,$20.49,-2.00%,11.00%,-50.00%,33.00%,538.00%,448.00%,$0.92,$0.07,226.00%,0.61,$20.62,$19.26,"818,414",2026-03-18 18:14:23,0.25,"3,388,481,280",0
AGZD,WisdomTree Interest Rate Hedged U.S. Aggregate Bond Fund,Bond,"$89,896,000.00",30377,$22.46,FALSE,False,TRUE,FALSE,4.00%,26.00%,-11.00%,454.00%,594.00%,391.00%,$0.00,$1.13,$0.0,-$48.09,-$210.16,$20.12,Intermediate Term Bond,2013-12-18,23.00%,$0.93,2025-12-26,$0.08,413.00%,Monthly,31.00%,,379.00%,315.00%,310.00%,278.00%,"WisdomTree, Inc.",1099,B-,,C,B,C,B-,,$22.50,$22.50,0.00%,78.00%,18.00%,88.00%,425.00%,405.00%,$0.91,$0.07,355.00%,0.07,$22.63,$21.06,"20,997",2026-03-18 18:14:24,0.03,"91,090,336",0
TIPZ,PIMCO Broad U.S. TIPS Index ETF,Bond,"$94,767,200.00",11700,$52.90,FALSE,False,FALSE,FALSE,-9.00%,-28.00%,102.00%,682.00%,392.00%,67.00%,$0.00,$2.65,$0.0,-$12.95,-$50.92,$18.25,Miscellaneous,2009-09-03,20.00%,$2.48,2025-12-31,$0.20,469.00%,Monthly,113.00%,,1806.00%,607.00%,457.00%,419.00%,Allianz Investment Management LLC,1099,B-,,A,B,A,A,B,$53.69,$53.68,3.00%,148.00%,18.00%,124.00%,551.00%,440.00%,$2.36,$0.20,453.00%,0.33,$53.92,$49.70,"11,495",2026-03-18 18:14:25,0.27,"90,561,888",0.043952
HMOP,Hartford Municipal Opportunities ETF,Bond,"$653,212,000.00",65787,$39.13,FALSE,False,FALSE,FALSE,10.00%,47.00%,5.00%,483.00%,469.00%,137.00%,$2.94,$19.55,$0.0,$142.47,$313.27,$529.79,Miscellaneous,2017-12-13,29.00%,$1.33,2025-12-30,$0.14,340.00%,Monthly,71.00%,,270.00%,151.00%,226.00%,249.00%,"The Hartford Insurance Group, Inc.",1099,B+,,,B,,A-,,$39.24,$39.26,-6.00%,83.00%,-107.00%,111.00%,515.00%,344.00%,$1.35,$0.11,371.00%,0.31,$39.84,$35.59,"60,439",2026-03-18 18:14:26,0.24,"716,534,080",0
FLIA,Franklin International Aggregate Bond ETF,Bond,"$655,720,000.00",140003,$20.17,FALSE,False,FALSE,FALSE,-30.00%,-21.00%,-5.00%,201.00%,386.00%,27.00%,$5.05,$11.19,$0.0,$47.20,$447.82,$464.81,Miscellaneous,2018-05-30,25.00%,$0.53,2025-12-19,$0.40,263.00%,Monthly,20.00%,,1029.00%,233.00%,245.00%,271.00%,Franklin Templeton,1099,B,A+,B-,A+,A-,C+,,$20.26,$20.27,-5.00%,47.00%,-96.00%,36.00%,357.00%,262.00%,$0.53,$0.40,346.00%,-0.12,$20.55,$19.54,"158,844",2026-03-18 18:14:27,0.13,"693,436,928",0
XMPT,VanEck CEF Muni Income ETF,Bond,"$200,735,000.00",45902,$21.88,FALSE,False,FALSE,FALSE,98.00%,107.00%,0.00%,712.00%,582.00%,-57.00%,$2.18,$6.00,$0.0,-$23.81,$26.50,$88.90,Intermediate Term Bond,2011-07-12,197.00%,$1.28,2025-12-29,$0.10,586.00%,Monthly,69.00%,,5717.00%,501.00%,510.00%,576.00%,VanEck,1099,B,,A+,C,B,A,C+,$22.05,$22.06,-7.00%,172.00%,-156.00%,207.00%,814.00%,577.00%,$1.27,$0.11,773.00%,0.54,$22.55,$18.69,"38,105",2026-03-18 18:14:28,0.67,"220,038,864",0
BWZ,SPDR Bloomberg Short Term International Treasury Bond ETF,Bond,"$348,657,000.00",115450,$27.29,FALSE,False,FALSE,FALSE,-29.00%,73.00%,-44.00%,1039.00%,235.00%,-223.00%,-$8.24,-$30.02,$0.0,$201.64,$199.95,$170.63,Miscellaneous,2009-01-15,35.00%,$0.56,2025-12-18,$0.05,206.00%,Monthly,90.00%,,4594.00%,476.00%,546.00%,586.00%,State Street,1099,A-,B,B,A,B+,C,A,$27.01,$27.11,-37.00%,-71.00%,-297.00%,-67.00%,388.00%,205.00%,$0.55,$0.04,774.00%,-0.02,$28.85,$25.29,"103,346",2026-03-18 18:14:29,0.24,"355,897,696",0
LDSF,First Trust Low Duration Strategic Focus ETF,Bond,"$145,700,000.00",34489,$19.15,FALSE,False,FALSE,FALSE,-5.00%,44.00%,-2.00%,714.00%,597.00%,233.00%,$0.96,$5.74,$0.0,$16.29,-$64.20,$19.47,Intermediate Term Bond,2019-01-03,75.00%,$0.94,2025-12-12,$0.07,491.00%,Monthly,40.00%,,655.00%,107.00%,163.00%,162.00%,First Trust,1099,B-,,,A-,,B,,$19.03,$19.04,-5.00%,14.00%,-68.00%,22.00%,552.00%,458.00%,$0.87,$0.08,221.00%,0.69,$19.59,$17.80,"32,481",2026-03-18 18:14:30,0.13,"159,131,024",0
GHYB,Goldman Sachs Access High Yield Corporate Bond ETF,Bond,"$102,510,000.00",18058,$45.38,FALSE,False,TRUE,FALSE,9.00%,72.00%,13.00%,921.00%,979.00%,398.00%,$0.00,$9.08,$0.0,-$41.76,-$27.46,-$40.44,Miscellaneous,2017-09-05,15.00%,$3.17,2025-12-31,$0.25,699.00%,Monthly,130.00%,,779.00%,233.00%,287.00%,317.00%,Goldman Sachs,1099,C+,,A-,B+,B+,B+,,$44.64,$44.70,-14.00%,-59.00%,-112.00%,-26.00%,742.00%,707.00%,$3.16,$0.22,536.00%,0.64,$45.33,$39.55,"26,272",2026-03-18 18:14:31,0.41,"136,089,568",0
BKAG,BNY Mellon Core Bond ETF,Bond,"$2,068,290,000.00",144561,$42.43,FALSE,False,FALSE,FALSE,-7.00%,21.00%,11.00%,724.00%,470.00%,-39.00%,$10.63,$16.98,$0.0,$87.71,"$1,640.02","$2,045.01",Intermediate Term Bond,2020-04-22,0.00%,$1.77,2025-12-29,$0.09,417.00%,Monthly,95.00%,,1544.00%,285.00%,354.00%,341.00%,BNY Mellon,1099,B+,,,B-,,B-,,$42.32,$42.35,-6.00%,39.00%,-87.00%,36.00%,522.00%,417.00%,$1.77,$0.14,421.00%,0.29,$42.93,$39.35,"181,979",2026-03-18 18:14:32,0.25,"2,265,313,536",0
GHYG,iShares US & Intl High Yield Corp Bond ETF,Bond,"$192,974,000.00",16577,$46.14,FALSE,False,FALSE,FALSE,7.00%,124.00%,2.00%,1126.00%,1010.00%,357.00%,$0.00,$0.00,$0.0,$40.94,$85.01,$21.50,Miscellaneous,2012-04-03,40.00%,$2.79,2025-12-19,$0.26,604.00%,Monthly,148.00%,,2643.00%,354.00%,374.00%,396.00%,"BlackRock, Inc.",1099,B-,,B,B,B,C+,A,$45.13,$45.27,-31.00%,-124.00%,-168.00%,-93.00%,711.00%,621.00%,$2.80,$0.22,522.00%,0.6,$46.42,$39.92,"38,610",2026-03-18 18:14:32,0.44,"207,303,504",0
STOT,State Street DoubleLine Short Duration Total Return Tactical ETF,Bond,"$335,241,000.00",41695,$47.29,FALSE,False,FALSE,FALSE,6.00%,38.00%,2.00%,563.00%,575.00%,268.00%,$0.00,$34.25,$0.0,$158.96,$204.52,$196.11,Intermediate Term Bond,2016-04-13,45.00%,$2.13,2025-12-18,$0.20,451.00%,Monthly,76.00%,,345.00%,98.00%,89.00%,95.00%,State Street,1099,B-,,,A-,,B+,,$47.19,$47.17,3.00%,47.00%,-1.00%,63.00%,484.00%,445.00%,$2.10,$0.16,168.00%,0.5,$47.43,$44.84,"65,652",2026-03-18 18:14:33,0.06,"347,646,272",0
HYZD,WisdomTree Interest Rate Hedged High Yield Bond Fund,Bond,"$200,036,000.00",48375,$22.57,FALSE,False,TRUE,FALSE,24.00%,98.00%,15.00%,758.00%,945.00%,635.00%,$0.00,$0.00,$0.0,$33.97,-$2.54,$85.80,Miscellaneous,2013-12-18,43.00%,$1.36,2025-12-26,$0.12,604.00%,Monthly,55.00%,,1781.00%,158.00%,228.00%,254.00%,"WisdomTree, Inc.",1099,B-,,C,B-,C,B-,B-,$22.30,$22.30,0.00%,-29.00%,-71.00%,45.00%,680.00%,607.00%,$1.35,$0.10,545.00%,0.51,$22.60,$19.55,"41,501",2026-03-18 18:14:34,0.3,"216,595,584",0.060673
TAXF,American Century Diversified Municipal Bond ETF,Bond,"$551,007,000.00",32781,$50.52,FALSE,False,FALSE,FALSE,25.00%,52.00%,28.00%,421.00%,453.00%,117.00%,$7.55,$17.60,$0.0,$27.91,$273.73,$485.13,Miscellaneous,2018-09-10,27.00%,$1.85,2025-12-16,$0.16,367.00%,Monthly,108.00%,,2781.00%,165.00%,186.00%,243.00%,American Century Investments,1099,B,,,B-,,A-,,$50.52,$50.52,0.00%,69.00%,-88.00%,109.00%,546.00%,376.00%,$1.90,$0.16,415.00%,0.35,$51.26,$44.96,"41,793",2026-03-18 18:14:35,0.27,"576,847,296",0
EMHC,State Street SPDR Bloomberg Emerging Markets USD Bond ETF,Bond,"$231,392,000.00",26225,$25.44,FALSE,False,FALSE,FALSE,-21.00%,54.00%,-9.00%,1372.00%,909.00%,,$0.00,$2.55,$0.0,-$69.50,$102.30,$218.92,Miscellaneous,2021-04-06,23.00%,$1.57,2025-12-18,$0.22,617.00%,Monthly,102.00%,,881.00%,385.00%,460.00%,490.00%,State Street,1099,C,A,,,,A,,$25.04,$25.11,-28.00%,-65.00%,-246.00%,-69.00%,997.00%,627.00%,$1.57,$0.12,638.00%,0.94,$25.74,$21.57,"31,591",2026-03-18 18:14:36,0.52,"249,538,576",0
OPER,ClearShares Ultra-Short Maturity ETF,Bond,"$120,000,000.00",10456,$100.04,FALSE,False,FALSE,FALSE,5.00%,35.00%,1.00%,437.00%,494.00%,337.00%,$0.00,$12.53,$0.0,-$20.04,-$115.30,-$5.18,Intermediate Term Bond,2018-07-10,20.00%,$4.32,2025-12-30,$0.32,432.00%,Monthly,122.00%,,23.00%,21.00%,23.00%,25.00%,ClearShares LLC,1099,C+,,,A+,,A-,,$100.23,$100.24,0.00%,74.00%,28.00%,88.00%,421.00%,420.00%,$4.21,$0.27,29.00%,0.75,$100.25,$95.67,"8,737",2026-03-18 18:14:37,0.11,"120,072,952",0
FUMB,First Trust Ultra Short Duration Municipal ETF,Bond,"$224,840,000.00",57580,$20.09,FALSE,False,FALSE,FALSE,5.00%,37.00%,15.00%,326.00%,302.00%,187.00%,$11.04,$8.03,$0.0,$27.11,-$125.95,$119.01,Miscellaneous,2018-11-01,45.00%,$0.63,2025-12-12,$0.05,313.00%,Monthly,18.00%,,131.00%,93.00%,105.00%,94.00%,First Trust,1099,B-,,,A,,B-,,$20.13,$20.13,-2.00%,64.00%,16.00%,84.00%,293.00%,285.00%,$0.57,$0.05,106.00%,-1.02,$20.53,$19.40,"79,739",2026-03-18 18:14:38,0.03,"242,327,616",0
EMNT,PIMCO Enhanced Short Maturity Active ESG Exchange-Traded Fund,Bond,"$211,625,000.00",9816,$98.63,FALSE,False,FALSE,FALSE,9.00%,44.00%,5.00%,477.00%,547.00%,318.00%,$0.00,$0.00,$0.0,$49.27,$54.14,$56.67,Intermediate Term Bond,2019-12-10,24.00%,$4.40,2025-12-31,$0.31,446.00%,Monthly,129.00%,,145.00%,24.00%,26.00%,33.00%,Allianz Investment Management LLC,1099,C+,,,A,,B+,,$98.79,$98.82,-3.00%,77.00%,24.00%,97.00%,447.00%,423.00%,$4.18,$0.29,37.00%,1.27,$99.03,$94.34,"9,469",2026-03-18 18:14:38,0.02,"206,839,248",0
FSMB,First Trust Short Duration Managed Municipal ETF,Bond,"$511,511,000.00",87089,$20.05,FALSE,False,FALSE,FALSE,5.00%,42.00%,2.00%,443.00%,346.00%,153.00%,$6.01,$15.02,$0.0,$78.71,$92.25,$441.77,Miscellaneous,2018-11-01,55.00%,$0.67,2025-12-12,$0.05,335.00%,Monthly,28.00%,,374.00%,57.00%,123.00%,132.00%,First Trust,1099,B,,,A-,,B,,$20.11,$20.11,-2.00%,81.00%,-35.00%,96.00%,403.00%,310.00%,$0.62,$0.05,205.00%,0.01,$20.24,$18.92,"156,318",2026-03-18 18:14:39,0.11,"572,820,544",0
JCPB,JPMorgan Core Plus Bond ETF,Bond,"$9,377,670,000.00",1083202,$47.33,FALSE,False,FALSE,FALSE,-18.00%,14.00%,-5.00%,789.00%,598.00%,62.00%,$57.00,$435.61,$0.0,"$4,223.85","$8,563.09","$9,104.24",Intermediate Term Bond,2019-01-28,38.00%,$2.32,2025-12-31,$0.19,490.00%,Monthly,115.00%,,1587.00%,249.00%,294.00%,309.00%,JP Morgan,1099,A,,,B-,,A-,,$47.28,$47.34,-12.00%,72.00%,-91.00%,62.00%,608.00%,492.00%,$2.33,$0.19,416.00%,0.5,$47.98,$43.54,"1,599,416",2026-03-18 18:14:40,0.26,"10,485,644,288",0
HYDB,iShares High Yield Systematic Bond ETF,Bond,"$1,659,960,000.00",304087,$47.40,FALSE,False,TRUE,FALSE,0.00%,98.00%,11.00%,793.00%,1041.00%,496.00%,$7.09,$7.09,$0.0,$475.19,"$1,527.29","$1,614.75",Miscellaneous,2017-07-11,35.00%,$3.33,2025-12-19,$0.27,704.00%,Monthly,122.00%,,1168.00%,219.00%,292.00%,346.00%,"BlackRock, Inc.",1099,A-,,B+,B-,A-,B+,,$46.63,$46.71,-15.00%,-50.00%,-138.00%,-6.00%,629.00%,718.00%,$3.35,$0.26,568.00%,0.4,$47.43,$41.28,"282,921",2026-03-18 18:14:41,0.39,"1,688,216,960",0.07177
SHAG,WisdomTree Yield Enhanced U.S. Short-Term Aggregate Bond Fund,Bond,"$76,942,400.00",3498,$48.04,FALSE,False,TRUE,FALSE,3.00%,37.00%,1.00%,631.00%,506.00%,147.00%,$0.00,$0.00,$0.0,$43.20,$9.14,-$61.73,Intermediate Term Bond,2017-05-18,12.00%,$2.08,2025-12-26,$0.17,432.00%,Monthly,87.00%,,903.00%,118.00%,128.00%,146.00%,"WisdomTree, Inc.",1099,C,,,A-,,B,,$47.83,$47.83,-1.00%,29.00%,-51.00%,39.00%,496.00%,436.00%,$2.09,$0.15,213.00%,0.45,$48.18,$44.93,"5,639",2026-03-18 18:14:42,0.1,"43,371,048",0
FLHY,Franklin High Yield Corporate ETF,Bond,"$700,940,000.00",196003,$24.41,FALSE,False,FALSE,FALSE,10.00%,85.00%,-4.00%,901.00%,1041.00%,468.00%,$0.00,-$3.64,$0.0,$86.65,$474.59,$500.24,Miscellaneous,2018-05-30,40.00%,$1.59,2025-12-19,$0.15,653.00%,Monthly,69.00%,,909.00%,236.00%,295.00%,336.00%,Franklin Templeton,1099,B+,,A,B,A-,B,,$24.23,$24.25,-10.00%,27.00%,-74.00%,71.00%,842.00%,656.00%,$1.59,$0.12,588.00%,0.75,$24.47,$21.33,"301,245",2026-03-18 18:14:43,0.38,"787,906,560",0
IGEB,iShares Investment Grade Systematic Bond ETF,Bond,"$1,486,350,000.00",156913,$45.63,FALSE,False,TRUE,FALSE,-31.00%,11.00%,-7.00%,807.00%,688.00%,55.00%,$9.14,$29.72,$0.0,$425.99,"$1,251.25","$1,316.34",Miscellaneous,2017-07-11,18.00%,$2.25,2025-12-19,$0.21,493.00%,Monthly,123.00%,,246.00%,301.00%,335.00%,350.00%,"BlackRock, Inc.",1099,B,,A,B-,A-,B+,,$45.20,$45.25,-11.00%,-15.00%,-154.00%,-20.00%,598.00%,497.00%,$2.25,$0.19,490.00%,0.4,$46.01,$41.21,"263,281",2026-03-18 18:14:43,0.36,"1,483,257,216",0.049735
IBND,SPDR Bloomberg International Corporate Bond ETF,Bond,"$399,219,000.00",126070,$32.01,FALSE,False,FALSE,FALSE,-44.00%,85.00%,-31.00%,1686.00%,749.00%,-173.00%,$0.00,$14.41,$0.0,$172.46,$229.78,$156.04,Miscellaneous,2010-05-19,50.00%,$0.80,2025-12-18,$0.07,249.00%,Monthly,157.00%,,3968.00%,481.00%,468.00%,623.00%,State Street,1099,B,,C,C,C,C,A-,$31.18,$31.35,-54.00%,-218.00%,-425.00%,-234.00%,741.00%,264.00%,$0.82,$0.07,849.00%,0.4,$33.06,$28.58,"142,888",2026-03-18 18:14:44,0.44,"502,252,512",0
GTIP,Goldman Sachs Access Inflation Protected USD Bond ETF,Bond,"$208,842,000.00",21888,$49.16,FALSE,False,TRUE,FALSE,-11.00%,-23.00%,6.00%,663.00%,419.00%,102.00%,$1.24,$20.97,$0.0,$68.92,$69.90,$197.93,Miscellaneous,2018-10-02,12.00%,$2.25,2025-12-31,$0.20,457.00%,Monthly,102.00%,,1086.00%,244.00%,295.00%,305.00%,Goldman Sachs,1099,B,,B,B+,A,A-,A,$49.89,$49.86,6.00%,148.00%,22.00%,126.00%,537.00%,438.00%,$2.19,$0.20,394.00%,0.35,$50.07,$46.42,"19,570",2026-03-18 18:14:45,0.26,"232,463,952",0
JSCP,JPMorgan Short Duration Core Plus ETF,Bond,"$1,164,600,000.00",178405,$47.56,FALSE,False,FALSE,FALSE,3.00%,51.00%,0.00%,685.00%,604.00%,,$6.20,$53.31,$0.0,$584.10,$911.40,"$1,109.09",Intermediate Term Bond,2021-03-01,33.00%,$2.21,2025-12-31,$0.18,464.00%,Monthly,93.00%,,587.00%,147.00%,149.00%,144.00%,JP Morgan,1099,B+,,,A-,,B+,,$47.38,$47.41,-5.00%,36.00%,-37.00%,39.00%,549.00%,459.00%,$2.18,$0.17,206.00%,0.72,$47.70,$44.51,"185,892",2026-03-18 18:14:46,0.13,"1,342,501,120",0
RVNU,Xtrackers Municipal Infrastructure Revenue Bond ETF,Bond,"$134,822,000.00",15370,$24.61,FALSE,False,FALSE,FALSE,24.00%,-61.00%,29.00%,70.00%,440.00%,-60.00%,$0.00,$0.00,$0.0,$0.00,$11.48,$43.16,Miscellaneous,2013-06-04,15.00%,$0.92,2025-12-22,$0.07,374.00%,Monthly,58.00%,,5920.00%,283.00%,375.00%,478.00%,DWS,1099,C+,,A,C,B,B+,,$24.73,$24.64,37.00%,110.00%,-39.00%,135.00%,302.00%,349.00%,$0.86,$0.07,790.00%,-0.12,$25.08,$21.79,"16,621",2026-03-18 18:14:46,0.4,"137,196,288",0
KORP,American Century Diversified Corporate Bond ETF,Bond,"$644,319,000.00",71747,$47.22,FALSE,False,FALSE,FALSE,-27.00%,7.00%,-6.00%,805.00%,641.00%,152.00%,$0.00,$11.81,$0.0,$249.63,$448.20,$522.09,Miscellaneous,2018-01-11,29.00%,$2.36,2025-12-16,$0.24,499.00%,Monthly,126.00%,,1436.00%,314.00%,343.00%,355.00%,American Century Investments,1099,B-,,B-,C+,B-,B+,,$46.82,$46.83,-2.00%,-1.00%,-172.00%,-5.00%,576.00%,507.00%,$2.37,$0.19,519.00%,0.34,$47.73,$42.78,"119,992",2026-03-18 18:14:47,0.24,"763,379,520",0
BYLD,iShares Yield Optimized Bond ETF,Bond,"$304,631,000.00",44367,$22.78,FALSE,False,TRUE,FALSE,-22.00%,39.00%,2.00%,821.00%,695.00%,161.00%,$0.00,$4.57,$0.0,$65.05,$196.21,$106.35,Intermediate Term Bond,2014-04-22,17.00%,$1.21,2025-12-23,$0.10,532.00%,Monthly,60.00%,,1300.00%,221.00%,299.00%,321.00%,"BlackRock, Inc.",1099,B,,B-,B,B,A-,,$22.60,$22.60,-1.00%,7.00%,-125.00%,21.00%,659.00%,534.00%,$1.21,$0.10,440.00%,0.59,$22.96,$20.52,"80,294",2026-03-18 18:14:48,0.26,"321,749,728",0
IBDU,iShares iBonds Dec 2029 Term Corporate ETF,Bond,"$3,411,610,000.00",744100,$23.41,FALSE,False,FALSE,FALSE,-4.00%,48.00%,2.00%,751.00%,661.00%,63.00%,$29.26,$209.21,$0.0,"$1,128.58","$3,008.15","$3,280.04",Miscellaneous,2019-09-17,10.00%,$1.09,2025-12-19,$0.09,466.00%,Monthly,52.00%,,1118.00%,166.00%,189.00%,198.00%,"BlackRock, Inc.",1099,B+,,,B+,,B,,$23.26,$23.27,-4.00%,13.00%,-71.00%,32.00%,592.00%,467.00%,$1.09,$0.09,305.00%,0.63,$23.50,$21.61,"712,260",2026-03-18 18:14:49,0.29,"3,680,967,168",0
OVB,Overlay Shares Core Bond ETF,Bond,"$32,902,000.00",8377,$20.52,FALSE,False,FALSE,FALSE,-67.00%,28.00%,2.00%,784.00%,620.00%,4.00%,$0.00,$0.00,$0.0,-$13.42,-$13.26,-$63.62,Intermediate Term Bond,2019-09-30,79.00%,$1.53,2025-12-23,$0.31,747.00%,Annually,53.00%,,3358.00%,469.00%,476.00%,461.00%,Liquid Strategies,1099,C+,,,C,,A,,$20.68,$20.76,-39.00%,169.00%,-49.00%,186.00%,807.00%,686.00%,$1.42,$0.08,612.00%,0.66,$20.96,$18.49,"11,476",2026-03-18 18:14:50,0.39,"47,862,136",0
RIGS,RiverFront Strategic Income Fund,Bond,"$74,852,200.00",19419,$23.05,FALSE,False,FALSE,FALSE,-4.00%,-3.00%,1.00%,594.00%,505.00%,214.00%,$0.00,-$2.90,$0.0,-$6.40,-$30.85,-$29.57,Miscellaneous,2013-10-07,46.00%,$1.12,2025-12-18,$0.10,485.00%,Monthly,48.00%,,1344.00%,677.00%,601.00%,1041.00%,SS&C,1099,C+,,A,C,C,C,,$23.00,$23.01,-4.00%,52.00%,-106.00%,26.00%,489.00%,483.00%,$1.11,$0.08,1099.00%,0.08,$23.84,$20.59,"18,742",2026-03-18 18:14:51,0.21,"67,117,240",0
HYHG,ProShares High Yield-Interest Rate Hedged ETF,Bond,"$160,678,000.00",17006,$64.44,FALSE,False,TRUE,FALSE,57.00%,75.00%,6.00%,596.00%,1042.00%,695.00%,-$3.21,-$8.04,$0.0,$0.78,$32.37,$89.29,Miscellaneous,2013-05-21,50.00%,$4.49,2025-12-24,$0.37,696.00%,Monthly,128.00%,,1720.00%,473.00%,493.00%,523.00%,Proshare Advisors LLC,1099,C+,,C,C,C,B+,B,$63.98,$64.06,-12.00%,35.00%,-43.00%,130.00%,642.00%,693.00%,$4.44,$0.34,816.00%,0.3,$65.39,$56.02,"10,978",2026-03-18 18:14:52,0.29,"161,598,784",0
HYGH,iShares Interest Rate Hedged High Yield Bond ETF,Bond,"$439,446,000.00",64889,$86.13,FALSE,False,FALSE,FALSE,-10.00%,80.00%,-8.00%,694.00%,1005.00%,692.00%,$0.00,-$4.32,$0.0,$49.42,$310.31,$379.33,Miscellaneous,2014-05-27,52.00%,$5.91,2025-12-23,$0.48,686.00%,Monthly,201.00%,,1354.00%,311.00%,321.00%,349.00%,"BlackRock, Inc.",1099,B-,,C,B-,C+,A-,C,$85.40,$85.37,3.00%,19.00%,-35.00%,47.00%,682.00%,681.00%,$5.81,$0.47,705.00%,0.4,$86.28,$73.55,"104,463",2026-03-18 18:14:52,0.28,"489,493,760",0
IBDV,iShares iBonds Dec 2030 Term Corporate ETF,Bond,"$2,721,850,000.00",793916,$22.08,FALSE,False,FALSE,FALSE,-11.00%,36.00%,2.00%,826.00%,669.00%,18.00%,$23.19,$243.44,$0.0,"$1,146.80","$2,444.94","$2,621.97",Miscellaneous,2020-06-23,10.00%,$1.01,2025-12-19,$0.09,457.00%,Monthly,55.00%,,693.00%,203.00%,235.00%,252.00%,"BlackRock, Inc.",1099,B+,,,B,,B-,,$21.92,$21.94,-9.00%,6.00%,-96.00%,15.00%,627.00%,460.00%,$1.01,$0.08,365.00%,0.62,$22.20,$20.22,"676,924",2026-03-18 18:14:53,0.34,"2,983,789,056",0
BSJQ,Invesco BulletShares 2026 High Yield Corp Bond ETF,Bond,"$1,179,830,000.00",261719,$23.33,FALSE,False,FALSE,FALSE,4.00%,46.00%,-6.00%,633.00%,793.00%,402.00%,$4.67,$18.72,$0.0,$262.80,$943.93,"$1,124.83",Miscellaneous,2018-08-09,43.00%,$1.55,2025-12-22,$0.11,664.00%,Monthly,45.00%,,1640.00%,96.00%,120.00%,120.00%,Invesco,1099,A-,,B-,A,A-,B-,,$23.21,$23.22,-3.00%,41.00%,-3.00%,49.00%,572.00%,600.00%,$1.39,$0.10,324.00%,0.53,$23.26,$21.13,"273,187",2026-03-18 18:14:54,0.3,"1,121,176,192",0
AFIF,Anfield Universal Fixed Income ETF,Bond,"$204,685,000.00",178558,$9.41,FALSE,False,FALSE,FALSE,-7.00%,43.00%,-5.00%,637.00%,774.00%,332.00%,$0.47,$2.82,$0.0,$97.43,$81.53,$94.47,Intermediate Term Bond,2018-09-18,108.00%,$0.33,2025-12-12,$0.11,353.00%,Monthly,17.00%,,97.00%,173.00%,244.00%,280.00%,Anfield Group,1099,B,,,A-,,C,,$9.39,$9.41,-21.00%,24.00%,-74.00%,56.00%,538.00%,329.00%,$0.31,$0.02,349.00%,0.39,$9.52,$8.67,"138,612",2026-03-18 18:14:55,0.11,"233,686,496",0
EMBD,Global X Emerging Markets Bond ETF,Bond,"$286,093,000.00",69220,$23.93,FALSE,False,FALSE,FALSE,-31.00%,59.00%,-33.00%,1214.00%,982.00%,229.00%,-$0.01,$2.36,$0.0,$69.80,$168.70,$236.98,Miscellaneous,2020-06-01,39.00%,$1.32,2025-12-30,$0.11,550.00%,Monthly,86.00%,,1739.00%,507.00%,562.00%,617.00%,"Mirae Asset Global Investments Co., Ltd.",1099,,B,,,,C,,$23.55,$23.65,-40.00%,-65.00%,-249.00%,-84.00%,889.00%,572.00%,$1.35,$0.12,622.00%,0.79,$24.66,$20.52,"101,188",2026-03-18 18:14:56,0.47,"314,532,800",0
IMTB,iShares Core 5-10 Year USD Bond ETF,Bond,"$278,331,000.00",20592,$44.16,FALSE,False,FALSE,FALSE,-18.00%,34.00%,-9.00%,861.00%,557.00%,24.00%,$0.00,$4.40,$0.0,$56.29,$126.90,$169.08,Intermediate Term Bond,2016-11-01,6.00%,$1.94,2025-12-19,$0.16,440.00%,Monthly,117.00%,,410.00%,303.00%,330.00%,341.00%,"BlackRock, Inc.",1099,C+,,,B,,B-,,$43.96,$44.07,-26.00%,26.00%,-110.00%,23.00%,653.00%,443.00%,$1.95,$0.16,426.00%,0.59,$44.67,$40.43,"32,012",2026-03-18 18:14:57,0.28,"286,630,560",0
BNDC,FlexShares Core Select Bond Fund Core Select Bond Fund,Bond,"$146,820,000.00",9337,$22.36,FALSE,False,FALSE,FALSE,-21.00%,10.00%,-2.00%,720.00%,446.00%,-69.00%,$0.00,$0.56,$0.0,-$16.28,-$19.77,$63.32,Intermediate Term Bond,2016-11-18,35.00%,$0.93,2025-12-26,$0.08,416.00%,Monthly,51.00%,,1500.00%,301.00%,325.00%,337.00%,Northern Trust Corp.,1099,C+,,,C+,,C+,,$22.27,$22.31,-16.00%,26.00%,-115.00%,14.00%,512.00%,427.00%,$0.95,$0.07,454.00%,0.25,$22.63,$20.78,"30,459",2026-03-18 18:14:57,0.26,"154,274,272",0
PICB,Invesco International Corporate Bond ETF,Bond,"$270,047,000.00",76895,$23.77,FALSE,False,FALSE,FALSE,-79.00%,106.00%,-45.00%,1448.00%,702.00%,-245.00%,$0.00,$16.66,$0.0,$132.32,$139.49,$165.59,Miscellaneous,2010-06-03,50.00%,$0.82,2025-12-22,$0.08,344.00%,Monthly,99.00%,,4146.00%,446.00%,514.00%,648.00%,Invesco,1099,B-,,C+,C,C,C,B+,$23.35,$23.43,-32.00%,-123.00%,-372.00%,-119.00%,735.00%,330.00%,$0.77,$0.06,820.00%,0.41,$24.50,$21.42,"157,960",2026-03-18 18:14:58,0.52,"338,909,984",0
IBMO,iShares iBonds Dec 2026 Term Muni Bond ETF,Bond,"$568,523,000.00",108598,$25.61,FALSE,False,FALSE,FALSE,-6.00%,13.00%,-9.00%,305.00%,263.00%,42.00%,$3.84,$15.37,$0.0,$57.58,$296.71,$498.43,Miscellaneous,2019-04-02,18.00%,$0.61,2025-12-19,$0.05,237.00%,Monthly,23.00%,,172.00%,167.00%,148.00%,126.00%,"BlackRock, Inc.",1099,B,,,A,,C,,$25.64,$25.67,-10.00%,51.00%,7.00%,55.00%,274.00%,237.00%,$0.61,$0.05,137.00%,-0.92,$25.76,$24.70,"65,883",2026-03-18 18:14:59,0.13,"577,918,848",0
HYXF,iShares ESG Advanced High Yield Corporate Bond ETF,Bond,"$190,797,000.00",12142,$47.24,FALSE,False,FALSE,FALSE,2.00%,84.00%,-4.00%,884.00%,967.00%,358.00%,$0.00,$2.35,$0.0,$25.79,$60.53,$130.97,Miscellaneous,2016-06-14,35.00%,$2.92,2025-12-19,$0.24,619.00%,Monthly,124.00%,,1580.00%,214.00%,286.00%,331.00%,"BlackRock, Inc.",1099,B-,,C+,C,C,B-,,$46.37,$46.42,-11.00%,-86.00%,-131.00%,-45.00%,650.00%,624.00%,$2.89,$0.23,887.00%,0.28,$47.16,$40.73,"25,508",2026-03-18 18:15:00,0.4,"197,592,304",0
FLMB,Franklin Municipal Green Bond ETF,Bond,"$92,644,500.00",8600,$23.78,FALSE,False,FALSE,FALSE,23.00%,24.00%,-4.00%,364.00%,467.00%,30.00%,$3.56,$3.56,$0.0,-$10.56,-$17.76,$6.85,Miscellaneous,2017-08-31,30.00%,$0.99,2025-12-19,$0.08,418.00%,Monthly,54.00%,,4773.00%,163.00%,172.00%,288.00%,Franklin Templeton,1099,C+,,,C+,,A-,,$23.87,$23.86,5.00%,85.00%,-66.00%,110.00%,490.00%,372.00%,$0.89,$0.05,547.00%,0.16,$24.24,$21.31,"16,285",2026-03-18 18:15:01,0.33,"93,454,008",0
ELD,WisdomTree Emerging Markets Local Debt Fund,Bond,"$87,000,000.00",24767,$29.18,FALSE,False,FALSE,FALSE,41.00%,194.00%,-7.00%,2106.00%,989.00%,168.00%,$0.00,$0.00,$0.0,$14.09,-$15.64,-$15.90,Miscellaneous,2010-08-09,55.00%,$1.57,2025-12-26,$0.15,538.00%,Monthly,151.00%,,870.00%,595.00%,615.00%,591.00%,"WisdomTree, Inc.",1099,B+,C+,B-,B-,B-,A-,B+,$28.63,$28.55,28.00%,-93.00%,-420.00%,22.00%,1311.00%,562.00%,$1.61,$0.15,941.00%,0.97,$30.14,$23.90,"36,843",2026-03-18 18:15:02,0.4,"125,001,400",0
BSCT,Invesco BulletShares 2029 Corporate Bond ETF,Bond,"$2,595,650,000.00",621684,$18.84,FALSE,False,FALSE,FALSE,3.00%,49.00%,5.00%,755.00%,651.00%,60.00%,$14.12,$107.37,$0.0,$932.46,"$2,333.82","$2,489.02",Miscellaneous,2019-09-12,10.00%,$0.93,2025-12-22,$0.07,491.00%,Monthly,42.00%,,531.00%,185.00%,199.00%,200.00%,Invesco,1099,B+,,,B+,,B-,,$18.73,$18.74,-4.00%,10.00%,-72.00%,23.00%,591.00%,457.00%,$0.86,$0.07,303.00%,0.63,$18.91,$17.40,"656,266",2026-03-18 18:15:02,0.29,"2,806,755,584",0
PZT,Invesco New York AMT-Free Municipal Bond ETF,Bond,"$134,142,000.00",23045,$22.32,FALSE,False,FALSE,FALSE,9.00%,-5.00%,3.00%,103.00%,347.00%,-22.00%,$0.00,-$3.36,$0.0,$5.72,$45.77,$44.13,Miscellaneous,2007-10-11,28.00%,$0.83,2025-12-22,$0.07,371.00%,Monthly,53.00%,,7112.00%,224.00%,286.00%,374.00%,Invesco,1099,A,A-,A,A,A-,A+,A-,$22.36,$22.41,-22.00%,77.00%,-47.00%,78.00%,389.00%,350.00%,$0.78,$0.07,723.00%,-0.02,$22.71,$19.54,"27,042",2026-03-18 18:15:03,0.37,"131,911,664",0
RFCI,RiverFront Dynamic Core Income ETF,Bond,"$17,062,500.00",1491,$22.64,FALSE,False,FALSE,FALSE,-33.00%,-2.00%,-22.00%,658.00%,505.00%,116.00%,$0.00,-$0.57,$0.0,-$5.65,-$24.02,-$75.04,Intermediate Term Bond,2016-06-12,51.00%,$1.03,2025-12-18,$0.10,455.00%,Monthly,49.00%,,206.00%,374.00%,336.00%,319.00%,SS&C,1099,C,,B-,B+,C,B-,,$22.52,$22.56,-15.00%,17.00%,-109.00%,-3.00%,465.00%,449.00%,$1.01,$0.08,393.00%,0.17,$22.88,$20.97,"3,244",2026-03-18 18:15:04,0.2,"16,023,391",0
CBON,VanEck China Bond ETF,Bond,"$18,319,800.00",1903,$22.88,FALSE,False,FALSE,FALSE,23.00%,155.00%,15.00%,587.00%,344.00%,153.00%,$0.00,$0.00,$0.0,-$4.41,-$37.95,-$21.04,Miscellaneous,2014-11-10,50.00%,$0.38,2025-12-29,$0.03,166.00%,Monthly,32.00%,,640.00%,253.00%,278.00%,335.00%,VanEck,1099,B-,B-,A,A,B+,C+,,$23.25,$23.25,0.00%,188.00%,40.00%,285.00%,692.00%,163.00%,$0.38,$0.03,385.00%,0.76,$23.39,$21.01,"4,589",2026-03-18 18:15:05,0.12,"18,714,196",0
FCAL,First Trust California Municipal High Income ETF,Bond,"$201,954,000.00",17833,$49.33,FALSE,False,FALSE,FALSE,15.00%,38.00%,5.00%,337.00%,382.00%,90.00%,$0.00,$7.37,$0.0,-$68.91,$99.30,$120.46,Miscellaneous,2017-06-20,65.00%,$1.72,2025-12-12,$0.14,349.00%,Monthly,88.00%,,3459.00%,164.00%,159.00%,228.00%,First Trust,1099,A-,B+,,A+,,,,$49.54,$49.50,9.00%,101.00%,-58.00%,122.00%,450.00%,326.00%,$1.61,$0.14,445.00%,0.11,$50.13,$45.04,"19,216",2026-03-18 18:15:06,0.25,"210,412,512",0
HTAB,Hartford Schroders Tax-Aware Bond ETF,Bond,"$319,515,000.00",64298,$19.22,FALSE,False,FALSE,FALSE,27.00%,25.00%,37.00%,285.00%,394.00%,56.00%,$0.00,-$1.92,$0.0,-$118.33,$252.25,$217.64,Intermediate Term Bond,2018-04-18,39.00%,$0.74,2025-12-30,$0.07,387.00%,Monthly,38.00%,,5166.00%,300.00%,289.00%,378.00%,"The Hartford Insurance Group, Inc.",1099,B+,,,C+,,B-,,$19.20,$19.21,-5.00%,50.00%,-86.00%,92.00%,389.00%,387.00%,$0.74,$0.06,562.00%,-0.02,$19.50,$17.34,"66,065",2026-03-18 18:15:07,0.29,"322,499,808",0
MBSD,FlexShares Disciplined Duration MBS Index Fund,Bond,"$91,440,800.00",9470,$20.77,FALSE,False,TRUE,FALSE,-7.00%,32.00%,-2.00%,706.00%,460.00%,42.00%,$0.00,$2.07,$0.0,$3.23,-$7.06,$7.14,Miscellaneous,2014-09-03,20.00%,$0.88,2025-12-19,$0.07,424.00%,Monthly,43.00%,,1011.00%,281.00%,282.00%,313.00%,Northern Trust Corp.,1099,C+,B+,C+,B-,B-,A+,,$20.76,$20.78,-12.00%,56.00%,-66.00%,44.00%,515.00%,424.00%,$0.88,$0.06,380.00%,0.3,$21.00,$19.43,"8,737",2026-03-18 18:15:08,0.18,"93,501,944",0
IHY,VanEck International High Yield Bond ETF,Bond,"$48,347,400.00",22386,$21.99,FALSE,False,FALSE,FALSE,-33.00%,127.00%,-4.00%,1356.00%,958.00%,184.00%,$0.00,$0.00,$0.0,$23.77,-$16.49,-$34.51,Miscellaneous,2012-04-02,40.00%,$1.17,2025-12-29,$0.13,532.00%,Monthly,81.00%,,2494.00%,358.00%,382.00%,427.00%,VanEck,1099,B-,,A-,C,B-,C,A-,$21.52,$21.55,-14.00%,-129.00%,-248.00%,-72.00%,720.00%,553.00%,$1.19,$0.09,601.00%,0.53,$22.31,$19.25,"27,404",2026-03-18 18:15:09,0.43,"53,280,032",0
JPIE,JPMorgan Income ETF,Bond,"$6,791,130,000.00",1168842,$46.27,FALSE,False,FALSE,FALSE,0.00%,52.00%,-4.00%,729.00%,691.00%,,$79.16,$354.61,$0.0,"$4,194.44","$6,407.61","$6,607.71",Intermediate Term Bond,2021-10-28,39.00%,$2.62,2025-12-31,$0.21,565.00%,Monthly,96.00%,,424.00%,100.00%,108.00%,117.00%,JP Morgan,1099,A,,,A,,A,,$46.16,$46.17,-3.00%,64.00%,-29.00%,74.00%,635.00%,561.00%,$2.59,$0.21,199.00%,1.18,$46.40,$42.75,"1,371,738",2026-03-18 18:15:09,0.2,"8,142,683,136",0
IIGD,Invesco Investment Grade Defensive ETF,Bond,"$31,083,800.00",5052,$24.84,FALSE,False,TRUE,FALSE,0.00%,38.00%,0.00%,707.00%,557.00%,147.00%,$0.00,$0.00,$0.0,-$13.26,-$31.26,-$47.07,Miscellaneous,2018-07-25,13.00%,$1.14,2025-12-22,$0.09,460.00%,Monthly,52.00%,,1069.00%,151.00%,175.00%,188.00%,Invesco,1099,C,,B,B+,C+,C+,,$24.69,$24.73,-16.00%,5.00%,-78.00%,18.00%,548.00%,428.00%,$1.06,$0.09,269.00%,0.55,$24.95,$23.00,"7,334",2026-03-18 18:15:10,0.14,"31,132,328",0
NUHY,Nuveen ESG High Yield Corporate Bond ETF,Bond,"$114,353,000.00",26927,$21.60,FALSE,False,FALSE,FALSE,-5.00%,61.00%,2.00%,893.00%,918.00%,330.00%,$0.00,$6.47,$0.0,$21.73,$7.30,$56.34,Miscellaneous,2019-09-25,30.00%,$1.41,2025-12-18,$0.13,652.00%,Monthly,60.00%,,564.00%,216.00%,294.00%,324.00%,TIAA Board of Governors,1099,C+,,,B,,B,,$21.25,$21.30,-24.00%,-62.00%,-130.00%,-55.00%,698.00%,664.00%,$1.41,$0.11,540.00%,0.55,$21.60,$19.00,"32,795",2026-03-18 18:15:11,0.41,"113,467,376",0
FISR,State Street Fixed Income Sector Rotation ETF,Bond,"$361,108,000.00",92284,$25.86,FALSE,False,FALSE,FALSE,-25.00%,-5.00%,-17.00%,608.00%,411.00%,-134.00%,$1.56,$6.22,$0.0,$58.80,$215.39,$324.92,Intermediate Term Bond,2019-04-02,50.00%,$1.03,2025-12-18,$0.13,397.00%,Monthly,53.00%,,1962.00%,310.00%,347.00%,340.00%,State Street,1099,B+,,,C,,C+,,$25.78,$25.82,-14.00%,35.00%,-140.00%,19.00%,414.00%,408.00%,$1.05,$0.09,483.00%,0.03,$26.23,$24.11,"112,951",2026-03-18 18:15:13,0.27,"360,927,264",0
OWNS,CCM Affordable Housing MBS ETF,Bond,"$114,055,000.00",13753,$17.44,FALSE,False,FALSE,FALSE,-25.00%,37.00%,-9.00%,802.00%,445.00%,,$0.93,$0.91,$0.0,-$17.29,$7.44,$125.24,Miscellaneous,2021-07-26,30.00%,$0.72,2025-12-31,$0.20,412.00%,Quarterly,43.00%,,1335.00%,253.00%,418.00%,403.00%,CCM Holding Co. LLC,1099,,A,,,,A-,,$17.58,$17.59,-9.00%,77.00%,-79.00%,71.00%,628.00%,409.00%,$0.72,$0.20,486.00%,0.47,$17.87,$16.20,"44,616",2026-03-18 18:15:13,0.28,"119,304,392",0
UCRD, VictoryShares Corporate Bond ETF,Bond,"$147,782,000.00",2984,$21.68,FALSE,False,FALSE,FALSE,-32.00%,2.00%,-9.00%,774.00%,654.00%,,$0.00,$3.81,$0.0,$5.96,$37.25,$851.61,Miscellaneous,2021-10-05,40.00%,$0.88,2025-12-11,$0.13,405.00%,Monthly,58.00%,,977.00%,263.00%,339.00%,360.00%,Victory Capital,1099,C,,,C+,,C,,$21.54,$21.47,35.00%,9.00%,-151.00%,24.00%,572.00%,414.00%,$0.89,$0.08,500.00%,0.34,$21.90,$19.73,296,2026-03-18 18:15:14,0.41,"153,652,528",0
MUSI,American Century Multisector Income ETF,Bond,"$189,938,000.00",17513,$44.15,FALSE,False,FALSE,FALSE,-8.00%,32.00%,-3.00%,832.00%,697.00%,,$0.00,$6.61,$0.0,$2.52,$38.90,$182.24,Intermediate Term Bond,2021-06-29,37.00%,$2.53,2025-12-16,$0.24,574.00%,Monthly,110.00%,,1634.00%,228.00%,228.00%,275.00%,American Century Investments,1099,B-,,,B+,,A,,$43.85,$43.92,-18.00%,20.00%,-125.00%,27.00%,620.00%,573.00%,$2.51,$0.19,415.00%,0.53,$44.61,$39.65,"14,795",2026-03-18 18:15:15,0.25,"201,077,504",0
JMUB,JPMorgan Municipal ETF,Bond,"$6,510,750,000.00",720742,$50.54,FALSE,False,FALSE,FALSE,23.00%,34.00%,8.00%,422.00%,407.00%,117.00%,$10.11,$242.18,$0.0,"$4,396.91","$6,114.77","$6,400.00",Miscellaneous,2018-10-29,18.00%,$1.77,2025-12-31,$0.16,351.00%,Monthly,87.00%,,754.00%,106.00%,159.00%,196.00%,JP Morgan,1099,A,,,B+,,C,,$50.53,$50.58,-9.00%,57.00%,-79.00%,90.00%,442.00%,356.00%,$1.80,$0.15,330.00%,0.13,$51.19,$46.40,"773,939",2026-03-18 18:15:16,0.22,"7,116,284,928",0
GRNB,VanEck Green Bond ETF,Bond,"$161,814,000.00",27997,$24.34,FALSE,False,FALSE,FALSE,-7.00%,11.00%,2.00%,698.00%,582.00%,38.00%,$0.00,$3.65,$0.0,$45.89,$82.29,$116.45,Intermediate Term Bond,2017-03-03,20.00%,$1.02,2025-12-29,$0.09,418.00%,Monthly,53.00%,,1182.00%,197.00%,211.00%,234.00%,VanEck,1099,C+,,,B+,,B-,,$24.10,$24.13,-12.00%,-31.00%,-108.00%,-26.00%,480.00%,426.00%,$1.03,$0.08,320.00%,0.25,$24.42,$22.59,"28,734",2026-03-18 18:15:17,0.24,"174,962,752",0
EMTL,State Street DoubleLine Emerging Markets Fixed Income ETF,Bond,"$104,849,000.00",9095,$43.31,FALSE,False,FALSE,FALSE,8.00%,28.00%,-2.00%,816.00%,789.00%,159.00%,$0.00,$0.00,$0.0,$13.13,$31.80,$33.23,Miscellaneous,2016-04-13,65.00%,$2.20,2025-12-18,$0.17,509.00%,Monthly,106.00%,,371.00%,154.00%,171.00%,221.00%,State Street,1099,B,C,B+,A-,C+,C+,,$42.72,$42.78,-13.00%,-59.00%,-77.00%,-39.00%,484.00%,506.00%,$2.16,$0.17,275.00%,0.3,$43.30,$39.79,"23,185",2026-03-18 18:15:18,0.33,"107,991,520",0
HYBB,iShares BB Rated Corporate Bond ETF,Bond,"$496,317,000.00",98642,$47.11,FALSE,False,FALSE,FALSE,-3.00%,58.00%,-4.00%,867.00%,858.00%,353.00%,$0.00,$49.29,$0.0,$109.06,$99.17,$404.68,Miscellaneous,2020-10-06,25.00%,$2.87,2025-12-19,$0.22,608.00%,Monthly,124.00%,,993.00%,230.00%,279.00%,298.00%,"BlackRock, Inc.",1099,B,,,B+,,B-,,$46.61,$46.65,-9.00%,-10.00%,-94.00%,37.00%,703.00%,610.00%,$2.85,$0.23,528.00%,0.57,$47.24,$40.41,"85,485",2026-03-18 18:15:18,0.39,"540,935,104",0
AVIG,Avantis Core Fixed Income ETF,Bond,"$1,553,140,000.00",199011,$41.90,FALSE,False,FALSE,FALSE,-23.00%,18.00%,-4.00%,788.00%,526.00%,-36.00%,$39.96,$83.98,$0.0,$577.37,"$1,196.72","$1,535.78",Intermediate Term Bond,2020-10-13,15.00%,$1.83,2025-12-16,$0.17,436.00%,Monthly,104.00%,,1047.00%,263.00%,302.00%,309.00%,American Century Investments,1099,B+,,,B-,,B-,,$41.72,$41.76,-8.00%,29.00%,-112.00%,21.00%,590.00%,441.00%,$1.84,$0.14,428.00%,0.44,$42.40,$38.42,"216,338",2026-03-18 18:15:19,0.28,"1,654,024,704",0
SCHQ,Schwab Long-Term U.S. Treasury ETF,Bond,"$1,008,040,000.00",805981,$31.65,FALSE,False,FALSE,FALSE,-60.00%,-117.00%,-16.00%,505.00%,64.00%,-731.00%,$12.77,$20.68,$0.0,$296.76,$888.33,"$1,026.20",Miscellaneous,2019-10-10,3.00%,$1.44,2025-12-19,$0.13,454.00%,Monthly,81.00%,,2537.00%,602.00%,693.00%,805.00%,The Charles Schwab Corp.,1099,B+,,C+,C+,B,A-,,$31.69,$31.73,-11.00%,94.00%,-222.00%,27.00%,172.00%,459.00%,$1.45,$0.11,1022.00%,-0.22,$32.76,$29.10,"1,084,147",2026-03-18 18:15:20,0.5,"957,259,648",0
SHYL,Xtrackers Short Duration High Yield Bond ETF,Bond,"$247,121,000.00",29577,$44.96,FALSE,False,FALSE,FALSE,7.00%,71.00%,-2.00%,759.00%,921.00%,525.00%,$0.00,$4.49,$0.0,$112.70,$179.06,$212.19,Miscellaneous,2018-01-10,20.00%,$3.45,2025-12-22,$0.27,767.00%,Monthly,108.00%,,1013.00%,148.00%,219.00%,279.00%,DWS,1099,B,,C+,B+,B+,A-,,$44.32,$44.37,-12.00%,-36.00%,-71.00%,-3.00%,643.00%,705.00%,$3.12,$0.24,514.00%,0.47,$44.84,$39.46,"38,893",2026-03-18 18:15:21,0.3,"257,901,280",0
FFIU,UVA Unconstrained Medium-Term Fixed Income ETF,Bond,"$51,995,300.00",7261,$21.97,FALSE,False,FALSE,FALSE,-40.00%,-133.00%,-125.00%,658.00%,488.00%,-41.00%,$0.00,$0.00,$0.0,$5.44,-$15.91,-$10.81,Miscellaneous,2017-08-18,54.00%,$0.87,2025-12-30,$0.22,394.00%,Quarterly,58.00%,,7645.00%,818.00%,968.00%,1026.00%,Mcivy Co. LLC,1099,C+,,B,C,C,C,,$22.15,$22.15,0.00%,85.00%,-120.00%,75.00%,337.00%,390.00%,$0.87,$0.22,909.00%,-0.07,$22.88,$20.40,"1,053",2026-03-18 18:15:22,0.33,"54,010,904",0
LQDI,iShares Inflation Hedged Corporate Bond ETF,Bond,"$71,470,600.00",37770,$26.40,FALSE,False,FALSE,FALSE,-38.00%,-4.00%,-30.00%,808.00%,622.00%,176.00%,$0.00,$1.33,$0.0,$14.65,$13.67,$65.07,Miscellaneous,2018-05-08,18.00%,$1.18,2025-12-23,$0.10,447.00%,Monthly,77.00%,,4470.00%,370.00%,507.00%,502.00%,"BlackRock, Inc.",1099,C+,,A,B-,A-,A,,$26.39,$26.26,48.00%,71.00%,-33.00%,49.00%,653.00%,453.00%,$1.20,$0.10,591.00%,0.43,$26.68,$23.64,"9,535",2026-03-18 18:15:23,0.48,"70,629,888",0
LQDB,iShares BBB Rated Corporate Bond ETF,Bond,"$47,999,300.00",3397,$87.11,FALSE,False,FALSE,FALSE,-28.00%,10.00%,0.00%,734.00%,645.00%,,$0.00,$0.00,$0.0,$4.43,$21.49,-$16.31,Miscellaneous,2021-05-18,15.00%,$4.05,2025-12-19,$0.35,465.00%,Monthly,221.00%,,1382.00%,301.00%,337.00%,337.00%,"BlackRock, Inc.",1099,C,,,B-,,B-,,$86.48,$86.48,0.00%,5.00%,-148.00%,9.00%,547.00%,466.00%,$4.03,$0.33,486.00%,0.3,$87.84,$79.31,"7,159",2026-03-18 18:15:23,0.4,"52,788,468",0
IBMQ,iShares iBonds Dec 2028 Term Muni Bond ETF,Bond,"$577,493,000.00",86866,$25.58,FALSE,False,FALSE,FALSE,8.00%,58.00%,2.00%,398.00%,292.00%,28.00%,$6.37,$42.04,$0.0,$166.54,$440.76,$520.97,Miscellaneous,2019-04-16,18.00%,$0.62,2025-12-19,$0.05,244.00%,Monthly,35.00%,,660.00%,89.00%,93.00%,110.00%,"BlackRock, Inc.",1099,B,,,A,,C,,$25.59,$25.61,-8.00%,45.00%,-45.00%,79.00%,363.00%,243.00%,$0.62,$0.06,207.00%,-0.18,$25.74,$24.17,"87,521",2026-03-18 18:15:24,0.2,"629,089,536",0
ISHG,iShares 1-3 Year International Treasury Bond ETF,Bond,"$661,849,000.00",57134,$75.09,FALSE,False,FALSE,FALSE,-40.00%,-31.00%,-20.00%,1228.00%,349.00%,-171.00%,-$3.77,-$11.32,$0.0,$580.39,$590.41,$603.67,Miscellaneous,2009-01-21,35.00%,$0.00,2024-12-18,$1.72,0.00%,Annually,300.00%,,4157.00%,648.00%,505.00%,563.00%,"BlackRock, Inc.",1099,B-,A,B+,A-,A-,B-,A-,$74.46,$74.70,-31.00%,-83.00%,-303.00%,-60.00%,629.00%,147.00%,$1.09,$1.09,756.00%,0.3,$77.72,$68.79,"106,873",2026-03-18 18:15:25,0.26,"806,521,344",0
JPMB,JPMorgan USD Emerging Markets Sovereign Bond ETF,Bond,"$60,795,000.00",12411,$40.34,FALSE,False,FALSE,FALSE,-23.00%,62.00%,-6.00%,1338.00%,807.00%,71.00%,$0.00,$0.00,$0.0,-$447.54,-$131.42,$3.69,Miscellaneous,2018-01-29,39.00%,$2.71,2025-12-31,$0.21,671.00%,Monthly,168.00%,,1440.00%,311.00%,355.00%,404.00%,JP Morgan,1099,B,B,A-,B-,B+,B+,,$39.59,$39.69,-26.00%,-95.00%,-249.00%,-96.00%,916.00%,618.00%,$2.45,$0.19,613.00%,0.84,$40.71,$34.43,"14,069",2026-03-18 18:15:26,0.49,"69,165,112",0.061809
DYLD,LeaderShares Dynamic Yield ETF,Bond,"$41,921,000.00",7184,$22.61,FALSE,False,FALSE,FALSE,-9.00%,15.00%,-2.00%,501.00%,499.00%,,$0.00,-$2.27,$0.0,-$22.65,-$53.48,$48.66,Intermediate Term Bond,2021-06-28,75.00%,$0.95,2025-12-17,$0.12,421.00%,Monthly,36.00%,,1057.00%,214.00%,212.00%,207.00%,Redwood,1099,C,,,B+,,B,,$22.44,$22.49,-22.00%,8.00%,-78.00%,21.00%,381.00%,453.00%,$1.02,$0.06,311.00%,-0.06,$22.67,$20.99,"3,486",2026-03-18 18:15:27,0.26,"41,874,020",0
RDFI,Rareview Dynamic Fixed Income ETF,Bond,"$63,280,800.00",16011,$23.98,FALSE,False,FALSE,FALSE,40.00%,95.00%,29.00%,946.00%,1060.00%,477.00%,$3.35,$3.35,$0.0,$6.66,$19.52,$61.47,Intermediate Term Bond,2020-10-21,446.00%,$1.95,2025-12-02,$0.16,815.00%,Monthly,79.00%,,1536.00%,286.00%,417.00%,441.00%,Neil Azous Revocable Trust,1099,C+,,,C+,,A,,$23.58,$23.64,-25.00%,33.00%,-340.00%,105.00%,824.00%,821.00%,$1.94,$0.16,739.00%,0.57,$25.45,$20.41,"21,622",2026-03-18 18:15:28,0.51,"74,302,528",0
PHYL,PGIM Active High Yield Bond ETF,Bond,"$923,837,000.00",239780,$35.49,FALSE,False,FALSE,FALSE,1.00%,86.00%,3.00%,948.00%,1000.00%,451.00%,$9.74,$305.80,$0.0,$706.62,$819.46,$874.93,Miscellaneous,2018-09-24,39.00%,$2.50,2025-12-30,$0.15,705.00%,Monthly,103.00%,,1059.00%,171.00%,263.00%,280.00%,Prudential,1099,B,,B+,A-,A,A,,$35.00,$35.05,-14.00%,-29.00%,-109.00%,11.00%,775.00%,718.00%,$2.51,$0.19,428.00%,0.88,$35.49,$30.92,"188,991",2026-03-18 18:15:28,0.4,"1,253,873,536",0
IBMP,iShares iBonds Dec 2027 Term Muni Bond ETF,Bond,"$598,287,000.00",95266,$25.41,FALSE,False,FALSE,FALSE,14.00%,45.00%,6.00%,341.00%,277.00%,35.00%,$3.80,$13.94,$0.0,$93.48,$366.07,$556.10,Miscellaneous,2019-04-09,18.00%,$0.63,2025-12-19,$0.05,246.00%,Monthly,27.00%,,755.00%,100.00%,95.00%,109.00%,"BlackRock, Inc.",1099,B,,,A,,C,,$25.43,$25.43,0.00%,52.00%,-6.00%,79.00%,320.00%,247.00%,$0.63,$0.06,146.00%,-0.55,$25.51,$24.29,"64,727",2026-03-18 18:15:29,0.17,"619,722,240",0
LKOR,FlexShares Credit-Scored US Long Corporate Bond Index Fund,Bond,"$44,799,500.00",3941,$42.39,FALSE,False,TRUE,FALSE,-76.00%,-82.00%,-14.00%,683.00%,571.00%,-283.00%,$0.00,$0.00,$0.0,-$1.60,$9.13,$14.65,Miscellaneous,2015-09-23,15.00%,$2.37,2025-12-19,$0.20,558.00%,Monthly,137.00%,,6873.00%,522.00%,646.00%,689.00%,Northern Trust Corp.,1099,C+,,A+,C,B,A-,B-,$41.74,$41.76,-5.00%,-54.00%,-302.00%,-95.00%,379.00%,571.00%,$2.38,$0.17,1003.00%,-0.02,$43.32,$37.51,"1,556",2026-03-18 18:15:30,0.67,"36,646,756",0
EMCB,WisdomTree Emerging Markets Corporate Bond Fund,Bond,"$90,105,800.00",3259,$66.79,FALSE,False,FALSE,FALSE,22.00%,66.00%,47.00%,847.00%,819.00%,183.00%,$0.00,$0.00,$0.0,$16.60,$42.61,$60.53,Miscellaneous,2012-03-08,60.00%,$3.64,2025-12-26,$0.32,545.00%,Monthly,181.00%,,191.00%,406.00%,359.00%,302.00%,"WisdomTree, Inc.",1099,C,C+,C+,C+,C+,A,B,$66.82,$66.63,29.00%,83.00%,-7.00%,76.00%,723.00%,539.00%,$3.60,$0.26,759.00%,0.43,$69.25,$57.84,"8,816",2026-03-18 18:15:31,0.27,"97,293,840",0
FLMI,Franklin Dynamic Municipal Bond ETF,Bond,"$1,343,410,000.00",466944,$24.89,FALSE,False,FALSE,FALSE,16.00%,40.00%,8.00%,582.00%,625.00%,230.00%,$21.11,$99.32,$0.0,$908.50,"$1,227.51","$1,295.58",Miscellaneous,2017-08-31,30.00%,$1.04,2025-12-19,$0.07,418.00%,Monthly,53.00%,,1223.00%,98.00%,184.00%,275.00%,Franklin Templeton,1099,A-,,,B-,,A,,$25.01,$25.03,-6.00%,111.00%,-91.00%,134.00%,594.00%,390.00%,$0.98,$0.08,451.00%,0.43,$25.38,$22.23,"677,955",2026-03-18 18:15:32,0.27,"1,815,031,808",0
FLBL,Franklin Senior Loan ETF Franklin Liberty Senior Loan Fund,Bond,"$939,280,000.00",438433,$23.43,FALSE,False,FALSE,FALSE,-15.00%,-3.00%,4.00%,355.00%,881.00%,552.00%,-$12.93,-$12.93,$0.0,$227.77,$755.07,$924.62,Miscellaneous,2018-05-30,45.00%,$1.70,2025-12-19,$0.19,723.00%,Monthly,38.00%,,689.00%,158.00%,196.00%,207.00%,Franklin Templeton,1099,A-,,,A,,B+,,$23.00,$23.01,-4.00%,-80.00%,26.00%,-115.00%,273.00%,732.00%,$1.68,$0.13,433.00%,-0.29,$23.37,$21.46,"463,037",2026-03-18 18:15:33,0.16,"886,702,912",0
ARCM,Arrow Reserve Capital Management ETF,Bond,"$51,045,900.00",1353,$100.15,FALSE,False,FALSE,FALSE,7.00%,36.00%,4.00%,390.00%,461.00%,283.00%,$0.00,$0.00,$0.0,$5.01,$0.01,$0.02,Miscellaneous,2017-03-31,50.00%,$3.87,2025-12-26,$0.43,386.00%,Monthly,112.00%,,1818.00%,62.00%,77.00%,61.00%,Arrow Funds,1099,A,,,A,,A+,,$100.26,$100.26,0.00%,57.00%,17.00%,74.00%,383.00%,395.00%,$3.96,$0.24,43.00%,-0.41,$100.37,$96.48,426,2026-03-18 18:15:33,0.02,"51,094,964",0
PBTP, Invesco 0-5 Yr US TIPS ETF,Bond,"$67,700,800.00",19947,$25.92,FALSE,False,FALSE,FALSE,-1.00%,4.00%,0.00%,589.00%,507.00%,349.00%,$0.26,-$2.65,$0.0,$10.17,-$44.98,$60.18,Miscellaneous,2017-09-22,7.00%,$1.10,2025-12-22,$0.30,423.00%,Quarterly,44.00%,,325.00%,99.00%,139.00%,144.00%,Invesco,1099,C+,,C,A,C,C,,$26.27,$26.25,7.00%,136.00%,80.00%,148.00%,526.00%,377.00%,$0.99,$0.30,197.00%,0.64,$26.27,$24.92,"12,004",2026-03-18 18:15:34,0.1,"67,427,928",0
SEIX,Virtus Seix Senior Loan ETF,Bond,"$267,815,000.00",177516,$23.34,FALSE,False,FALSE,FALSE,-2.00%,74.00%,0.00%,509.00%,863.00%,584.00%,$0.00,-$2.86,$0.0,-$14.05,$199.94,$273.23,Intermediate Term Bond,2019-04-24,57.00%,$1.75,2025-12-22,$0.20,751.00%,Monthly,41.00%,,663.00%,100.00%,120.00%,133.00%,Virtus Investment Partners,1099,B+,,,A,,A,,$23.15,$23.18,-12.00%,6.00%,24.00%,38.00%,515.00%,750.00%,$1.74,$0.13,261.00%,0.44,$23.25,$21.45,"93,030",2026-03-18 18:15:35,0.12,"239,876,896",0
PVI,Invesco Floating Rate Municipal Income ETF,Bond,"$31,045,000.00",6517,$24.86,FALSE,False,FALSE,FALSE,1.00%,47.00%,-24.00%,239.00%,268.00%,176.00%,$0.00,$0.00,$0.0,$2.49,-$46.10,-$14.99,Miscellaneous,2007-11-15,25.00%,$0.60,2025-12-22,$0.05,241.00%,Monthly,17.00%,,561.00%,324.00%,307.00%,317.00%,Invesco,1099,C,,B-,A-,C,C,B+,$24.84,$24.89,-20.00%,29.00%,46.00%,54.00%,239.00%,220.00%,$0.55,$0.03,274.00%,-0.59,$24.92,$24.06,"4,640",2026-03-18 18:15:36,-0.34,"31,009,354",0
UBT,ProShares Ultra 20+ Year Treasury,Bond,"$89,709,700.00",100111,$16.52,FALSE,2x,FALSE,FALSE,-160.00%,-341.00%,-18.00%,124.00%,-846.00%,-2142.00%,-$0.84,-$1.69,$0.0,-$22.59,$83.59,$120.53,Miscellaneous,2010-01-19,95.00%,$0.71,2025-12-24,$0.18,427.00%,Quarterly,74.00%,,5671.00%,1365.00%,1601.00%,1777.00%,Proshare Advisors LLC,1099,B+,B+,C+,B,A-,A,A+,$16.68,$16.72,-22.00%,99.00%,-542.00%,-112.00%,-464.00%,423.00%,$0.71,$0.18,2244.00%,-0.39,$18.85,$14.75,"83,048",2026-03-18 18:15:37,1.02,"80,365,920",0
FEIG,FlexShares ESG & Climate Investment Grade Corporate Core Index Fund,Bond,"$43,484,500.00",1241,$41.30,FALSE,False,FALSE,FALSE,-34.00%,0.00%,-10.00%,721.00%,579.00%,,$0.00,$0.00,$0.0,-$6.16,$12.83,$2.50,Miscellaneous,2021-09-20,12.00%,$2.00,2025-12-19,$0.17,485.00%,Monthly,104.00%,,1688.00%,279.00%,349.00%,374.00%,Northern Trust Corp.,1099,C,,,C+,,B+,,$40.94,$40.96,-4.00%,-12.00%,-167.00%,-22.00%,509.00%,480.00%,$1.96,$0.15,518.00%,0.21,$41.75,$37.76,"4,259",2026-03-18 18:15:38,0.41,"41,763,408",0
PFIG,Invesco Fundamental Investment Grade Corporate Bond ETF,Bond,"$98,443,400.00",18181,$24.29,FALSE,False,TRUE,FALSE,-5.00%,34.00%,0.00%,772.00%,595.00%,109.00%,$0.00,$1.21,$0.0,$39.28,$57.11,$47.38,Miscellaneous,2011-09-15,22.00%,$1.10,2025-12-22,$0.09,452.00%,Monthly,57.00%,,352.00%,277.00%,295.00%,291.00%,Invesco,1099,C+,,B,B,C+,C,B+,$24.12,$24.14,-10.00%,-2.00%,-91.00%,-3.00%,590.00%,428.00%,$1.03,$0.08,356.00%,0.53,$26.28,$21.83,"33,950",2026-03-18 18:15:39,0.23,"109,758,400",0
BKHY,BNY Mellon High Yield ETF,Bond,"$389,286,000.00",42248,$48.10,FALSE,False,FALSE,FALSE,14.00%,59.00%,6.00%,834.00%,975.00%,428.00%,$0.00,-$14.49,$0.0,$44.44,$345.83,$368.86,Miscellaneous,2020-04-24,22.00%,$3.53,2025-12-29,$0.39,733.00%,Monthly,128.00%,,3238.00%,199.00%,269.00%,312.00%,BNY Mellon,1099,B-,,,C+,,A-,,$47.52,$47.59,-15.00%,-16.00%,-100.00%,18.00%,719.00%,731.00%,$3.48,$0.25,558.00%,0.57,$48.12,$39.59,"194,046",2026-03-18 18:15:39,0.4,"384,885,728",0
OVT,Overlay Shares Short Term Bond ETF,Bond,"$50,380,000.00",8939,$21.95,FALSE,False,FALSE,FALSE,-51.00%,60.00%,-17.00%,751.00%,753.00%,,$0.22,$0.22,$0.0,-$14.46,-$4.66,$57.44,Miscellaneous,2021-01-14,79.00%,$1.88,2025-12-23,$0.49,857.00%,Annually,52.00%,,635.00%,267.00%,362.00%,323.00%,Liquid Strategies,1099,C+,,,B,,A,,$22.04,$22.06,-9.00%,148.00%,5.00%,187.00%,843.00%,825.00%,$1.82,$0.11,404.00%,1.1,$22.20,$19.83,"15,404",2026-03-18 18:15:40,0.28,"56,471,684",0
PIFI,ClearShares Piton Intermediate Fixed income ETF,Bond,"$106,844,000.00",428,$94.78,FALSE,False,FALSE,FALSE,-8.00%,16.00%,-3.00%,629.00%,445.00%,86.00%,$0.00,$0.00,$0.0,$4.80,$373.80,$484.63,Miscellaneous,2020-10-01,45.00%,$3.00,2025-12-30,$0.83,316.00%,Quarterly,179.00%,,437.00%,175.00%,206.00%,220.00%,ClearShares LLC,1099,C,,,B+,,C,,$95.11,$95.21,-11.00%,35.00%,-49.00%,28.00%,487.00%,315.00%,$3.00,$0.83,278.00%,0.31,$96.12,$90.44,403,2026-03-18 18:15:41,0.13,"108,034,648",0
BSJR,Invesco BulletShares 2027 High Yield Corporate Bond ETF,Bond,"$730,755,000.00",181745,$22.61,FALSE,False,FALSE,FALSE,4.00%,70.00%,0.00%,714.00%,880.00%,342.00%,$6.78,$36.16,$0.0,$359.41,$654.76,$713.82,Miscellaneous,2019-09-12,42.00%,$1.52,2025-12-22,$0.11,674.00%,Monthly,48.00%,,617.00%,104.00%,169.00%,182.00%,Invesco,1099,A-,,,A,,B-,,$22.45,$22.47,-5.00%,19.00%,-36.00%,48.00%,588.00%,607.00%,$1.36,$0.10,369.00%,0.51,$22.58,$20.39,"170,461",2026-03-18 18:15:42,0.39,"811,625,408",0
MBND,State Street Nuveen Municipal Bond ETF,Bond,"$27,512,400.00",7103,$27.36,FALSE,False,FALSE,FALSE,15.00%,45.00%,4.00%,282.00%,376.00%,,$0.00,$0.00,$0.0,-$25.89,-$13.77,$0.38,Miscellaneous,2021-02-03,40.00%,$0.94,2025-12-18,$0.08,342.00%,Monthly,41.00%,,1821.00%,84.00%,175.00%,230.00%,State Street,1099,C,,B+,B,C+,C,,$27.48,$27.44,15.00%,99.00%,-48.00%,121.00%,348.00%,348.00%,$0.96,$0.08,381.00%,-0.14,$27.70,$25.30,"7,977",2026-03-18 18:15:42,0.25,"27,904,656",0
XOVR,ERShares Private-Public Crossover ETF,Bond,"$1,502,040,000.00",611405,$19.97,FALSE,False,FALSE,FALSE,-230.00%,152.00%,-84.00%,979.00%,3091.00%,416.00%,-$92.96,"$1,091.60",$0.0,"$1,231.12","$1,367.45","$1,325.17",Miscellaneous,2017-11-07,75.00%,$0.00,2021-12-21,$8.73,0.00%,Annually,168.00%,,9308.00%,1538.00%,2123.00%,1974.00%,Capital Impact Advisors,1099,A-,,C,C,C+,C,A-,$17.43,$17.50,-40.00%,-1272.00%,98.00%,-1250.00%,739.00%,0.00%,$0.00,$8.73,2508.00%,0.14,$21.78,$13.93,"655,603",2026-03-18 18:15:43,1.23,"477,172,416",0
THY,Toews Agility Shares Dynamic Tactical Income ETF,Bond,"$62,799,700.00",13336,$22.24,FALSE,False,FALSE,FALSE,3.00%,47.00%,5.00%,430.00%,478.00%,156.00%,$0.00,$0.00,$0.0,$28.03,$21.54,$26.44,Miscellaneous,2020-06-25,103.00%,$1.33,2025-12-12,$0.12,600.00%,Monthly,46.00%,,2143.00%,244.00%,300.00%,319.00%,Toews Corp.,1099,B-,,,A-,,C,,$21.93,$21.96,-13.00%,0.00%,-72.00%,43.00%,490.00%,550.00%,$1.21,$0.11,322.00%,0.28,$24.56,$19.84,"33,068",2026-03-18 18:15:44,0.19,"85,945,896",0
OBND,State Street Loomis Sayles Opportunistic Bond ETF,Bond,"$52,112,000.00",9034,$26.06,FALSE,False,FALSE,FALSE,-9.00%,20.00%,9.00%,777.00%,738.00%,,$0.00,$1.30,$0.0,$2.66,$18.21,$27.56,Intermediate Term Bond,2021-09-27,55.00%,$1.63,2025-12-18,$0.14,626.00%,Monthly,67.00%,,606.00%,251.00%,273.00%,297.00%,State Street,1099,C,,,B+,,A,,$25.67,$25.70,-12.00%,-47.00%,-161.00%,-47.00%,574.00%,633.00%,$1.63,$0.13,339.00%,0.51,$26.25,$23.63,"9,165",2026-03-18 18:15:45,0.32,"53,609,868",0
NUSA,Nuveen ESG 1-5 Year U.S. Aggregate Bond ETF,Bond,"$33,936,900.00",6322,$23.39,FALSE,False,TRUE,FALSE,6.00%,27.00%,2.00%,602.00%,486.00%,143.00%,$0.00,-$1.17,$0.0,$8.08,$1.20,-$5.96,Intermediate Term Bond,2017-03-31,15.00%,$0.92,2025-12-18,$0.08,394.00%,Monthly,39.00%,,313.00%,105.00%,128.00%,135.00%,TIAA Board of Governors,1099,C,,,A-,,C+,,$23.31,$23.33,-6.00%,25.00%,-45.00%,40.00%,444.00%,384.00%,$0.90,$0.07,187.00%,0.24,$23.47,$22.21,"6,699",2026-03-18 18:15:46,0.1,"34,144,880",0
AVSF,Avantis Short-Term Fixed Income ETF,Bond,"$680,728,000.00",43091,$47.08,FALSE,False,FALSE,FALSE,3.00%,40.00%,-2.00%,649.00%,520.00%,168.00%,$0.00,$0.00,$0.0,$86.46,$471.67,$654.58,Intermediate Term Bond,2020-10-13,15.00%,$2.03,2025-12-16,$0.19,431.00%,Monthly,89.00%,,759.00%,143.00%,163.00%,163.00%,American Century Investments,1099,B-,,,A-,,B-,,$46.82,$46.87,-10.00%,18.00%,-58.00%,25.00%,516.00%,436.00%,$2.04,$0.16,206.00%,0.56,$47.22,$44.27,"116,633",2026-03-18 18:15:47,0.1,"748,321,536",0
MINO,PIMCO Municipal Income Opportunities Active Exchange-Traded Fund,Bond,"$466,317,000.00",76327,$45.38,FALSE,False,FALSE,FALSE,17.00%,24.00%,13.00%,415.00%,535.00%,,$7.27,$48.99,$0.0,$224.52,$406.94,$422.99,Miscellaneous,2021-09-08,39.00%,$1.68,2025-12-31,$0.15,370.00%,Monthly,93.00%,,3459.00%,154.00%,214.00%,248.00%,Allianz Investment Management LLC,1099,B,,,B+,,C,,$45.48,$45.49,-1.00%,89.00%,-67.00%,121.00%,479.00%,378.00%,$1.72,$0.15,465.00%,0.17,$46.04,$40.83,"86,757",2026-03-18 18:15:48,0.3,"541,569,024",0
IHYF,Invesco High Yield Bond Factor ETF,Bond,"$138,147,000.00",36177,$22.64,FALSE,False,FALSE,FALSE,5.00%,89.00%,-8.00%,777.00%,1004.00%,428.00%,$0.00,$3.84,$0.0,$84.19,$105.77,$115.04,Miscellaneous,2020-12-02,39.00%,$1.73,2025-12-22,$0.13,762.00%,Monthly,60.00%,,871.00%,199.00%,318.00%,348.00%,Invesco,1099,B-,,,C+,,B+,,$22.28,$22.20,34.00%,-51.00%,-135.00%,10.00%,597.00%,704.00%,$1.57,$0.12,553.00%,0.36,$22.68,$19.89,"15,363",2026-03-18 18:15:49,0.4,"150,834,800",0.070381
MTGP,WisdomTree Mortgage Plus Bond Fund,Bond,"$71,337,600.00",4984,$44.52,FALSE,False,FALSE,FALSE,-12.00%,34.00%,-6.00%,765.00%,462.00%,19.00%,$0.00,$0.00,$0.0,$13.18,$47.32,$38.96,Miscellaneous,2019-11-14,45.00%,$1.86,2025-12-26,$0.25,419.00%,Monthly,105.00%,,2404.00%,292.00%,368.00%,367.00%,"WisdomTree, Inc.",1099,,,,,,,,$44.40,$44.50,-22.00%,35.00%,-93.00%,23.00%,593.00%,425.00%,$1.89,$0.13,517.00%,0.37,$45.11,$41.10,"14,351",2026-03-18 18:15:50,0.2,"76,706,656",0
SPSK,SP Funds Dow Jones Global Sukuk ETF,Bond,"$439,335,000.00",186967,$18.25,FALSE,False,FALSE,FALSE,-54.00%,-28.00%,-3.00%,617.00%,433.00%,67.00%,$0.00,$9.72,$0.0,$165.55,$359.55,$407.89,Intermediate Term Bond,2019-12-30,50.00%,$0.66,2025-12-26,$0.31,363.00%,Monthly,40.00%,,2437.00%,293.00%,346.00%,396.00%,Tidal Financial Group,1099,B+,,,B-,,C,,$18.02,$18.04,-12.00%,-70.00%,-155.00%,-70.00%,436.00%,390.00%,$0.70,$0.05,410.00%,0.09,$18.45,$17.11,"254,956",2026-03-18 18:15:51,0.15,"489,171,264",0
TAGG,T. Rowe Price QM U.S. Bond ETF,Bond,"$1,537,430,000.00",95298,$43.05,FALSE,False,FALSE,FALSE,-8.00%,31.00%,2.00%,737.00%,493.00%,,$7.54,$26.89,$0.0,"$1,411.19","$1,479.43","$1,501.70",Intermediate Term Bond,2021-09-28,8.00%,$2.03,2025-12-23,$0.17,470.00%,Annually,96.00%,,1033.00%,252.00%,293.00%,310.00%,"T. Rowe Price Group, Inc.",1099,B,,,C+,,B-,,$42.94,$42.95,-2.00%,45.00%,-97.00%,52.00%,520.00%,445.00%,$1.91,$0.15,463.00%,0.26,$43.70,$40.14,"81,214",2026-03-18 18:15:51,0.27,"1,858,151,040",0
HOLD,Harbor Alpha Layering ETF,Bond,"$3,837,500.00",550,$30.59,FALSE,False,FALSE,FALSE,-265.00%,6.00%,49.00%,,,,$0.00,$0.00,$0.0,$3.01,$3.01,$3.01,Intermediate Term Bond,2025-08-13,73.00%,$2.23,2025-12-19,$2.23,728.00%,Annually,,,2071.00%,1327.00%,1422.00%,,ORIX,1099,C,,B,A,C+,C,,$31.56,$31.84,-89.00%,317.00%,46.00%,342.00%,1259.00%,706.00%,$2.23,$2.23,1597.00%,0.54,$33.05,$27.54,"1,345",2026-03-18 18:15:52,1.33,,0
FLRT,Pacer Aristotle Pacific Floating Rate High Income ETF,Bond,"$591,612,000.00",97631,$47.18,FALSE,False,FALSE,FALSE,8.00%,86.00%,10.00%,631.00%,999.00%,596.00%,$3.77,$17.95,$0.0,$156.57,$515.22,$568.09,Miscellaneous,2015-02-18,60.00%,$3.65,2025-12-23,$0.41,773.00%,Monthly,93.00%,,546.00%,73.00%,115.00%,123.00%,Pacer Advisors,1099,B+,,B+,A,A-,A-,C+,$46.42,$46.38,9.00%,-66.00%,-79.00%,-36.00%,525.00%,691.00%,$3.21,$0.29,304.00%,0.41,$47.04,$42.34,"128,306",2026-03-18 18:15:53,0.13,"601,837,824",0
SIHY,Harbor Scientific Alpha High-Yield ETF,Bond,"$167,103,000.00",23066,$45.69,FALSE,False,FALSE,FALSE,2.00%,77.00%,2.00%,784.00%,1002.00%,,$0.00,$2.29,$0.0,$17.51,$131.26,$131.26,Miscellaneous,2021-09-13,48.00%,$3.48,2025-12-19,$0.56,761.00%,Monthly,124.00%,,867.00%,312.00%,323.00%,386.00%,Harbor,1099,B-,,,C,,A-,,$44.91,$44.90,2.00%,-74.00%,-165.00%,-29.00%,690.00%,745.00%,$3.35,$0.22,643.00%,0.45,$45.81,$39.58,"42,138",2026-03-18 18:15:54,0.41,"172,009,536",0
SIFI,Harbor Scientific Alpha Income ETF,Bond,"$32,895,000.00",408,$43.85,FALSE,False,FALSE,FALSE,-2.00%,55.00%,-3.00%,863.00%,752.00%,,$0.00,-$1.09,$0.0,-$1.09,$2.15,$2.15,Intermediate Term Bond,2021-09-13,50.00%,$2.88,2025-12-19,$0.73,658.00%,Monthly,118.00%,,544.00%,231.00%,275.00%,296.00%,Harbor,1099,C,,,B,,A,,$43.48,$43.48,0.00%,-11.00%,-132.00%,10.00%,693.00%,660.00%,$2.87,$0.16,429.00%,0.68,$44.12,$39.55,110,2026-03-18 18:15:54,0.28,"33,174,376",0
LGOV,First Trust Long Duration Opportunities ETF,Bond,"$671,419,000.00",173416,$21.80,FALSE,False,FALSE,FALSE,-48.00%,-72.00%,-16.00%,927.00%,395.00%,-242.00%,$0.00,$0.00,$0.0,$25.04,$639.24,$647.62,Miscellaneous,2019-01-22,67.00%,$0.95,2025-12-12,$0.08,438.00%,Monthly,65.00%,,2284.00%,460.00%,535.00%,576.00%,First Trust,1099,C,B,,C,C,C,,$21.82,$21.84,-14.00%,81.00%,-192.00%,28.00%,587.00%,412.00%,$0.90,$0.08,763.00%,0.25,$23.59,$19.18,"177,542",2026-03-18 18:15:55,0.33,"690,278,080",0
IBTH,iShares iBonds Dec 2027 Term Treasury ETF,Bond,"$1,962,670,000.00",664777,$22.48,FALSE,False,FALSE,FALSE,7.00%,42.00%,2.00%,536.00%,430.00%,-22.00%,$28.08,$123.52,$0.0,$656.58,"$1,786.57","$1,932.44",Miscellaneous,2020-02-25,7.00%,$0.88,2025-12-19,$0.07,392.00%,Monthly,34.00%,,778.00%,55.00%,71.00%,92.00%,"BlackRock, Inc.",1099,B,,B+,B+,B,B-,,$22.43,$22.43,0.00%,40.00%,-3.00%,57.00%,442.00%,389.00%,$0.87,$0.06,149.00%,0.28,$22.48,$21.47,"430,521",2026-03-18 18:15:56,0.13,"2,062,257,024",0
UJB,ProShares Ultra High Yield,Bond,"$7,122,400.00",12269,$78.96,FALSE,2x,FALSE,FALSE,3.00%,95.00%,-5.00%,1151.00%,1304.00%,346.00%,-$10.26,-$3.92,$0.0,-$9.66,-$1.81,-$6.24,Miscellaneous,2011-04-13,95.00%,$2.06,2025-12-24,$0.31,261.00%,Quarterly,298.00%,,741.00%,418.00%,560.00%,637.00%,Proshare Advisors LLC,1099,B-,C,A-,A,B+,A+,B+,$78.20,$78.20,0.00%,-96.00%,-187.00%,-53.00%,930.00%,263.00%,$2.06,$0.31,1046.00%,0.51,$80.09,$65.38,"12,646",2026-03-18 18:15:57,0.8,"20,646,630",0
BKUI,BNY Mellon Ultra Short Income ETF,Bond,"$228,859,000.00",19381,$49.76,FALSE,False,FALSE,FALSE,9.00%,37.00%,2.00%,495.00%,540.00%,,$0.00,-$2.49,$0.0,$32.34,$200.76,$203.27,Intermediate Term Bond,2021-08-09,12.00%,$2.23,2025-12-29,$0.21,448.00%,Monthly,69.00%,,132.00%,24.00%,29.00%,33.00%,BNY Mellon,1099,B-,,,A,,B,,$49.76,$49.74,5.00%,67.00%,12.00%,84.00%,454.00%,440.00%,$2.19,$0.16,45.00%,1.21,$49.78,$47.57,"197,767",2026-03-18 18:15:58,0.02,"234,648,928",0
BSCU,Invesco BulletShares 2030 Corporate Bond ETF,Bond,"$2,271,790,000.00",809067,$16.92,FALSE,False,FALSE,FALSE,-12.00%,36.00%,0.00%,816.00%,664.00%,-3.00%,$20.32,$142.09,$0.0,$998.58,"$2,068.65","$2,215.89",Miscellaneous,2020-09-16,10.00%,$0.84,2025-12-22,$0.06,493.00%,Monthly,42.00%,,1447.00%,256.00%,244.00%,257.00%,Invesco,1099,A-,,,B,,B-,,$16.81,$16.83,-15.00%,5.00%,-93.00%,7.00%,633.00%,461.00%,$0.77,$0.06,361.00%,0.64,$17.02,$15.50,"608,024",2026-03-18 18:15:59,0.35,"2,461,216,256",0
AVMU,Avantis Core Municipal Fixed Income ETF,Bond,"$150,012,000.00",9095,$46.31,FALSE,False,FALSE,FALSE,39.00%,122.00%,15.00%,383.00%,363.00%,67.00%,$4.62,$4.62,$0.0,$2.38,$89.13,$128.46,Miscellaneous,2020-12-08,15.00%,$1.62,2025-12-16,$0.14,350.00%,Monthly,95.00%,,3640.00%,204.00%,226.00%,283.00%,American Century Investments,1099,C+,,,C+,,B+,,$46.37,$46.38,-1.00%,74.00%,-92.00%,143.00%,485.00%,352.00%,$1.63,$0.13,534.00%,0.16,$47.01,$40.85,"8,068",2026-03-18 18:16:00,0.26,"157,435,312",0
PAB,PGIM Active Aggregate Bond ETF,Bond,"$96,345,000.00",7073,$42.73,FALSE,False,FALSE,FALSE,-15.00%,14.00%,-6.00%,756.00%,522.00%,,$4.29,$4.29,$0.0,$31.86,$52.03,$76.52,Intermediate Term Bond,2021-04-15,19.00%,$1.83,2025-12-30,$0.21,429.00%,Monthly,100.00%,,167.00%,256.00%,291.00%,313.00%,Prudential,1099,C+,,,B-,,C+,,$42.60,$42.66,-13.00%,41.00%,-116.00%,42.00%,547.00%,435.00%,$1.85,$0.15,427.00%,0.34,$43.40,$39.13,"19,979",2026-03-18 18:16:00,0.27,"101,990,368",0
BSMQ,Invesco BulletShares 2026 Municipal Bond ETF,Bond,"$302,106,000.00",59780,$23.64,FALSE,False,FALSE,FALSE,17.00%,40.00%,-4.00%,276.00%,289.00%,33.00%,$0.00,$0.00,$0.0,$70.70,$216.30,$282.35,Miscellaneous,2019-09-25,18.00%,$0.70,2025-12-22,$0.05,297.00%,Monthly,22.00%,,620.00%,147.00%,140.00%,138.00%,Invesco,1099,B-,,,A-,,C+,,$23.65,$23.64,4.00%,50.00%,21.00%,58.00%,265.00%,275.00%,$0.65,$0.06,193.00%,-0.7,$23.72,$22.47,"80,828",2026-03-18 18:16:01,0.19,"295,491,968",0
INMU,iShares Intermediate Muni Income Active ETF,Bond,"$254,168,000.00",140528,$24.07,FALSE,False,FALSE,FALSE,25.00%,28.00%,12.00%,546.00%,496.00%,,$7.19,$33.55,$0.0,$207.88,$205.57,$226.15,Miscellaneous,2021-03-16,30.00%,$0.84,2025-12-19,$0.07,347.00%,Monthly,47.00%,,941.00%,195.00%,183.00%,227.00%,"BlackRock, Inc.",1099,B,,,B,,B+,,$24.17,$24.19,-6.00%,95.00%,-89.00%,129.00%,555.00%,340.00%,$0.82,$0.07,422.00%,0.37,$24.51,$22.01,"137,010",2026-03-18 18:16:02,0.23,"386,895,840",0
GSIG,Goldman Sachs Access Investment Grade Corporate 1-5 Year Bond ETF,Bond,"$9,574,000.00",777,$47.67,FALSE,False,FALSE,FALSE,2.00%,49.00%,2.00%,672.00%,582.00%,206.00%,$0.00,$0.00,$0.0,$0.00,$4.57,-$16.74,Miscellaneous,2020-07-07,8.00%,$2.20,2025-12-31,$0.20,461.00%,Monthly,93.00%,,265.00%,131.00%,132.00%,142.00%,Goldman Sachs,1099,C,,,A-,,B-,,$47.44,$47.44,0.00%,16.00%,-63.00%,35.00%,537.00%,450.00%,$2.14,$0.13,205.00%,0.67,$47.98,$44.83,"1,222",2026-03-18 18:16:03,0.12,"11,987,250",0
KHYB,KraneShares Asia Pacific High Income USD Bond ETF,Bond,"$17,154,100.00",3930,$24.53,FALSE,False,FALSE,FALSE,10.00%,124.00%,10.00%,949.00%,795.00%,-18.00%,-$0.01,-$6.08,$0.0,-$2.39,$0.23,$17.66,Miscellaneous,2018-06-28,69.00%,$1.86,2025-11-26,$0.17,759.00%,Monthly,78.00%,,511.00%,159.00%,221.00%,216.00%,CICC,1099,C,,C,A-,B,A,,$24.08,$24.28,-84.00%,-35.00%,-209.00%,-14.00%,713.00%,787.00%,$1.89,$0.19,436.00%,0.72,$24.69,$21.35,"4,054",2026-03-18 18:16:04,0.16,"17,270,140",0
TYD,Direxion Daily 7-10 Year Treasury Bull 3x Shares,Bond,"$46,290,600.00",35513,$25.38,FALSE,3x,FALSE,FALSE,-113.00%,-175.00%,-16.00%,1111.00%,-230.00%,-1407.00%,$0.00,-$2.59,$0.0,-$6.43,$23.41,$48.10,Miscellaneous,2009-04-16,106.00%,$0.99,2025-12-23,$0.25,390.00%,Quarterly,109.00%,,5163.00%,970.00%,1125.00%,1214.00%,Rafferty Asset Management,1099,B,B,C+,B+,B-,B,B+,$25.26,$25.36,-39.00%,-47.00%,-351.00%,-202.00%,393.00%,299.00%,$0.76,$0.25,1587.00%,0,$26.76,$22.84,"34,043",2026-03-18 18:16:05,0.74,"45,449,800",0
TBUX,T. Rowe Price Ultra Short-Term Bond ETF,Bond,"$804,290,000.00",176495,$49.84,FALSE,False,FALSE,FALSE,8.00%,47.00%,-2.00%,535.00%,604.00%,,$16.18,$66.07,$0.0,$496.39,$749.59,$781.57,Intermediate Term Bond,2021-09-28,17.00%,$2.63,2025-12-23,$0.24,527.00%,Annually,73.00%,,72.00%,42.00%,58.00%,64.00%,"T. Rowe Price Group, Inc.",1099,B+,,,A,,A-,,$49.85,$49.85,1.00%,71.00%,14.00%,87.00%,488.00%,457.00%,$2.28,$0.17,82.00%,1.07,$49.88,$47.41,"237,471",2026-03-18 18:16:05,0.03,"989,179,968",0
HYUP,Xtrackers High Beta High Yield Bond ETF,Bond,"$29,431,500.00",10534,$42.09,FALSE,False,TRUE,FALSE,-14.00%,84.00%,-17.00%,834.00%,1114.00%,458.00%,$0.00,$0.00,$0.0,$18.89,$14.80,$22.56,Miscellaneous,2018-01-11,20.00%,$3.42,2025-12-22,$0.28,811.00%,Monthly,118.00%,,1676.00%,252.00%,339.00%,378.00%,DWS,1099,C+,,C+,C+,C+,A,,$41.63,$41.66,-7.00%,-5.00%,-102.00%,24.00%,756.00%,736.00%,$3.06,$0.19,618.00%,0.58,$42.32,$36.95,"23,839",2026-03-18 18:16:06,0.48,"40,005,476",0
NFLT,Virtus Newfleet Multi-Sector Bond ETF,Bond,"$351,421,000.00",55866,$23.07,FALSE,False,FALSE,FALSE,9.00%,76.00%,13.00%,836.00%,803.00%,292.00%,$1.15,$14.97,$0.0,$122.10,$279.81,$329.99,Intermediate Term Bond,2015-08-11,50.00%,$1.32,2025-12-22,$0.15,573.00%,Monthly,61.00%,,650.00%,322.00%,374.00%,375.00%,Virtus Investment Partners,1099,B,,,C+,,A,,$22.96,$22.96,0.00%,22.00%,-101.00%,56.00%,751.00%,568.00%,$1.30,$0.10,459.00%,0.76,$23.24,$20.75,"102,773",2026-03-18 18:16:07,0.26,"391,906,688",0
TOTR,T. Rowe Price Total Return ETF,Bond,"$548,366,000.00",4838,$40.76,FALSE,False,FALSE,FALSE,-15.00%,28.00%,-1.00%,736.00%,534.00%,,$0.00,$6.12,$0.0,$411.42,$519.11,$527.87,Intermediate Term Bond,2021-09-28,31.00%,$2.26,2025-12-23,$0.17,555.00%,Annually,91.00%,,1761.00%,264.00%,339.00%,420.00%,"T. Rowe Price Group, Inc.",1099,C,,,C,,A-,,$40.54,$40.62,-21.00%,32.00%,-106.00%,30.00%,502.00%,525.00%,$2.13,$0.17,489.00%,0.21,$41.12,$37.38,"7,455",2026-03-18 18:16:08,0.29,"558,769,984",0
RTAI,Rareview Tax Advantaged Income ETF,Bond,"$17,964,700.00",1098,$21.28,FALSE,False,FALSE,FALSE,99.00%,93.00%,23.00%,468.00%,575.00%,26.00%,$0.00,$0.00,$0.0,-$1.66,-$3.52,$17.36,Miscellaneous,2020-10-21,472.00%,$1.20,2025-12-02,$0.09,565.00%,Monthly,61.00%,,334.00%,410.00%,425.00%,551.00%,Neil Azous Revocable Trust,1099,C,,,C,,A+,,$21.20,$21.20,0.00%,87.00%,-166.00%,127.00%,584.00%,538.00%,$1.14,$0.09,792.00%,0.23,$22.09,$18.62,"2,250",2026-03-18 18:16:09,0.64,"18,844,962",0
JHCB,John Hancock Corporate Bond ETF,Bond,"$99,639,100.00",32452,$21.51,FALSE,False,FALSE,FALSE,-32.00%,-20.00%,2.00%,803.00%,652.00%,,$7.00,$11.86,$0.0,$43.59,$80.13,$81.34,Miscellaneous,2021-03-30,29.00%,$1.06,2025-12-29,$0.14,492.00%,Monthly,59.00%,,1020.00%,294.00%,371.00%,371.00%,Manulife,1099,C+,,,C+,,B+,,$21.34,$21.36,-8.00%,-29.00%,-167.00%,-36.00%,529.00%,495.00%,$1.06,$0.06,543.00%,0.24,$21.94,$19.49,"31,540",2026-03-18 18:16:10,0.41,"112,764,040",0
IBHF,iShares iBonds 2026 Term High Yield and Income ETF,Bond,"$1,082,750,000.00",289477,$23.07,FALSE,False,FALSE,FALSE,-9.00%,60.00%,-4.00%,644.00%,849.00%,448.00%,$11.52,$41.42,$0.0,$424.57,"$1,023.45","$1,072.09",Miscellaneous,2020-11-10,35.00%,$1.56,2025-12-19,$0.12,674.00%,Monthly,46.00%,,906.00%,128.00%,161.00%,222.00%,"BlackRock, Inc.",1099,B+,,,B+,,A,,$22.91,$22.90,2.00%,28.00%,-18.00%,41.00%,544.00%,669.00%,$1.53,$0.11,299.00%,0.48,$23.02,$20.94,"260,228",2026-03-18 18:16:10,0.29,"1,043,751,936",0
UST,ProShares Ultra 7-10 Year Treasury,Bond,"$17,829,300.00",34869,$43.57,FALSE,2x,FALSE,FALSE,-89.00%,-114.00%,-21.00%,1105.00%,111.00%,-783.00%,-$2.20,-$22.61,$0.0,-$3.08,$8.10,-$3.57,Miscellaneous,2010-01-19,95.00%,$1.59,2025-12-24,$0.57,365.00%,Quarterly,162.00%,,3154.00%,630.00%,741.00%,790.00%,Proshare Advisors LLC,1099,A,A-,C+,A,A+,A,A,$43.76,$43.92,-36.00%,44.00%,-219.00%,-67.00%,602.00%,364.00%,$1.59,$0.57,1113.00%,0.18,$45.43,$36.52,"26,081",2026-03-18 18:16:11,0.49,"21,110,728",0
JHMB,John Hancock Mortgage-Backed Securities ETF,Bond,"$189,484,000.00",35553,$22.14,FALSE,False,FALSE,FALSE,-32.00%,15.00%,-11.00%,828.00%,614.00%,,$0.00,$4.44,$0.0,$115.54,$161.81,$189.53,Miscellaneous,2021-08-19,39.00%,$0.99,2025-12-29,$0.15,449.00%,Monthly,56.00%,,48.00%,318.00%,302.00%,335.00%,Manulife,1099,,A-,,,,A-,,$22.19,$22.23,-18.00%,68.00%,-102.00%,57.00%,622.00%,449.00%,$1.00,$0.06,461.00%,0.48,$22.57,$20.40,"39,619",2026-03-18 18:16:12,0.22,"216,568,352",0
IBTI,iShares iBonds Dec 2028 Term Treasury ETF,Bond,"$1,412,800,000.00",355702,$22.37,FALSE,False,FALSE,FALSE,7.00%,39.00%,4.00%,628.00%,444.00%,-50.00%,$21.24,$129.65,$0.0,$532.09,"$1,343.19","$1,382.69",Miscellaneous,2020-02-25,7.00%,$0.87,2025-12-19,$0.07,387.00%,Monthly,39.00%,,239.00%,123.00%,133.00%,151.00%,"BlackRock, Inc.",1099,B,,B,B+,B,B-,,$22.31,$22.32,-4.00%,28.00%,-25.00%,37.00%,478.00%,384.00%,$0.86,$0.06,217.00%,0.36,$22.43,$21.26,"278,011",2026-03-18 18:16:14,0.16,"1,572,154,880",0
BSMS,Invesco BulletShares 2028 Municipal Bond ETF,Bond,"$250,508,000.00",52352,$23.51,FALSE,False,FALSE,FALSE,21.00%,47.00%,4.00%,355.00%,320.00%,9.00%,$0.00,$4.68,$0.0,$106.89,$195.42,$242.84,Miscellaneous,2019-09-25,18.00%,$0.71,2025-12-22,$0.05,301.00%,Monthly,32.00%,,2430.00%,83.00%,102.00%,143.00%,Invesco,1099,B-,,,B+,,B-,,$23.57,$23.58,-2.00%,71.00%,-24.00%,107.00%,402.00%,278.00%,$0.66,$0.05,298.00%,0.01,$23.69,$21.84,"51,090",2026-03-18 18:16:15,0.25,"278,549,664",0
BSMR,Invesco BulletShares 2027 Municipal Bond ETF,Bond,"$302,298,000.00",47655,$23.68,FALSE,False,FALSE,FALSE,9.00%,36.00%,4.00%,292.00%,303.00%,43.00%,$4.72,$7.09,$0.0,$103.55,$233.22,$284.43,Miscellaneous,2019-09-25,18.00%,$0.71,2025-12-22,$0.05,299.00%,Monthly,27.00%,,1598.00%,105.00%,102.00%,111.00%,Invesco,1099,C+,,,A-,,C+,,$23.75,$23.76,-4.00%,78.00%,5.00%,100.00%,326.00%,275.00%,$0.65,$0.05,250.00%,-0.29,$23.82,$22.31,"50,051",2026-03-18 18:16:16,0.2,"320,362,080",0
IBTJ,iShares iBonds Dec 2029 Term Treasury ETF,Bond,"$1,067,330,000.00",371211,$21.94,FALSE,False,FALSE,FALSE,-2.00%,28.00%,0.00%,688.00%,437.00%,-82.00%,$10.97,$151.18,$0.0,$605.25,"$1,006.04","$1,032.78",Miscellaneous,2020-02-25,7.00%,$0.83,2025-12-19,$0.06,378.00%,Monthly,43.00%,,993.00%,156.00%,188.00%,202.00%,"BlackRock, Inc.",1099,B-,,B,B+,B-,C+,,$21.89,$21.91,-9.00%,33.00%,-40.00%,34.00%,506.00%,379.00%,$0.83,$0.06,288.00%,0.37,$22.06,$20.79,"209,814",2026-03-18 18:16:17,0.18,"1,210,464,256",0
JHMU,John Hancock Dynamic Municipal Bond ETF,Bond,"$40,501,800.00",9438,$26.18,FALSE,False,TRUE,FALSE,37.00%,54.00%,9.00%,488.00%,,,$1.31,$1.31,$0.0,$16.23,$39.54,$39.54,Miscellaneous,2023-11-01,39.00%,$1.14,2025-12-29,$0.13,435.00%,Monthly,50.00%,,138.00%,170.00%,211.00%,232.00%,Manulife,1099,C,,,B+,,A,,$26.33,$26.29,15.00%,93.00%,-89.00%,139.00%,539.00%,378.00%,$0.99,$0.05,405.00%,0.34,$26.68,$23.83,"4,250",2026-03-18 18:16:18,0.22,"42,645,852",0
ADFI,Anfield Dynamic Fixed Income ETF,Bond,"$46,117,500.00",17302,$8.57,FALSE,False,FALSE,FALSE,-46.00%,23.00%,-6.00%,581.00%,422.00%,-69.00%,$0.00,$0.00,$0.0,$0.60,$30.27,$43.88,Intermediate Term Bond,2020-08-17,168.00%,$0.28,2025-12-12,$0.05,330.00%,Monthly,15.00%,,2358.00%,371.00%,443.00%,473.00%,Anfield Group,1099,C+,,,C,,C,,$8.54,$8.55,-2.00%,-4.00%,-100.00%,13.00%,331.00%,298.00%,$0.26,$0.02,562.00%,-0.12,$9.10,$7.75,"22,206",2026-03-18 18:16:19,0.26,"51,056,256",0
IBTG,iShares iBonds Dec 2026 Term Treasury ETF,Bond,"$2,353,580,000.00",673266,$22.89,FALSE,False,FALSE,FALSE,2.00%,34.00%,4.00%,457.00%,425.00%,17.00%,$20.58,$149.74,$0.0,$749.91,"$2,166.81","$2,329.49",Miscellaneous,2020-02-25,7.00%,$0.92,2025-12-19,$0.08,402.00%,Monthly,29.00%,,215.00%,53.00%,52.00%,53.00%,"BlackRock, Inc.",1099,B+,,B+,A-,B+,B,,$22.89,$22.89,0.00%,64.00%,28.00%,82.00%,418.00%,401.00%,$0.92,$0.07,69.00%,0.26,$22.89,$21.96,"398,290",2026-03-18 18:16:19,0.09,"2,351,457,536",0
IBDW,iShares iBonds Dec 2031 Term Corporate ETF,Bond,"$2,105,910,000.00",448737,$21.15,FALSE,False,FALSE,FALSE,-12.00%,37.00%,-2.00%,882.00%,709.00%,,$13.76,$60.24,$0.0,$773.03,"$1,885.95","$2,043.42",Miscellaneous,2021-06-22,10.00%,$1.01,2025-12-19,$0.09,478.00%,Monthly,58.00%,,596.00%,267.00%,287.00%,307.00%,"BlackRock, Inc.",1099,B+,,,B,,B+,,$20.98,$21.00,-12.00%,-4.00%,-111.00%,0.00%,669.00%,479.00%,$1.00,$0.08,432.00%,0.62,$21.30,$19.22,"601,389",2026-03-18 18:16:20,0.4,"2,296,708,864",0
VABS,Virtus Newfleet ABS/MBS ETF,Bond,"$82,524,900.00",2942,$24.25,FALSE,False,FALSE,FALSE,2.00%,37.00%,0.00%,537.00%,686.00%,,$0.00,$0.00,$0.0,$71.97,$69.67,$77.32,Intermediate Term Bond,2021-02-09,39.00%,$1.20,2025-12-22,$0.15,494.00%,Monthly,37.00%,,447.00%,124.00%,148.00%,231.00%,Virtus Investment Partners,1099,B-,,,A-,,A-,,$24.32,$24.27,21.00%,93.00%,-24.00%,102.00%,499.00%,521.00%,$1.27,$0.11,220.00%,0.45,$24.42,$22.99,"9,454",2026-03-18 18:16:21,0.06,"78,096,440",0
BSMT,Invesco BulletShares 2029 Municipal Bond ETF,Bond,"$235,436,000.00",39598,$23.16,FALSE,False,FALSE,FALSE,13.00%,49.00%,2.00%,362.00%,317.00%,-17.00%,$2.31,$11.54,$0.0,$73.34,$193.15,$228.36,Miscellaneous,2019-09-25,18.00%,$0.69,2025-12-22,$0.05,300.00%,Monthly,35.00%,,809.00%,139.00%,147.00%,176.00%,Invesco,1099,B-,,,B+,,C+,,$23.20,$23.23,-12.00%,63.00%,-51.00%,78.00%,403.00%,275.00%,$0.64,$0.05,336.00%,0.01,$23.40,$21.32,"29,331",2026-03-18 18:16:22,0.28,"254,336,752",0
BSJS,Invesco BulletShares 2028 High Yield Corporate Bond ETF,Bond,"$585,147,000.00",138564,$22.00,FALSE,False,FALSE,FALSE,5.00%,73.00%,0.00%,750.00%,930.00%,311.00%,$15.39,$35.18,$0.0,$265.55,$546.69,$572.12,Miscellaneous,2020-09-16,42.00%,$1.56,2025-12-22,$0.12,708.00%,Monthly,51.00%,,1138.00%,145.00%,210.00%,262.00%,Invesco,1099,B+,,,B+,,B,,$21.81,$21.83,-9.00%,12.00%,-48.00%,34.00%,666.00%,643.00%,$1.40,$0.11,517.00%,0.51,$21.98,$19.47,"177,350",2026-03-18 18:16:22,0.42,"636,426,816",0
FMNY,First Trust New York Municipal High Income ETF,Bond,"$28,003,600.00",7033,$26.70,FALSE,False,FALSE,FALSE,9.00%,16.00%,2.00%,411.00%,403.00%,,$0.00,$0.00,$0.0,$7.93,$14.58,$29.29,Miscellaneous,2021-05-12,65.00%,$1.05,2025-12-12,$0.08,394.00%,Monthly,54.00%,,2763.00%,170.00%,294.00%,325.00%,First Trust,1099,,B+,,,,A-,,$26.82,$26.75,26.00%,107.00%,-76.00%,123.00%,487.00%,364.00%,$0.98,$0.08,442.00%,0.2,$27.22,$24.14,"6,869",2026-03-18 18:16:23,0.29,"29,859,482",0
MIG,VanEck Moody's Analytics IG Corporate Bond ETF,Bond,"$16,218,500.00",6964,$21.56,FALSE,False,FALSE,FALSE,-30.00%,7.00%,-7.00%,723.00%,648.00%,63.00%,$0.00,$0.54,$0.0,-$1.46,$3.42,$3.42,Miscellaneous,2020-12-01,20.00%,$1.04,2025-12-29,$0.08,481.00%,Monthly,54.00%,,1753.00%,308.00%,385.00%,386.00%,VanEck,1099,C,,,B-,,B,,$21.36,$21.41,-21.00%,-23.00%,-176.00%,-26.00%,502.00%,478.00%,$1.02,$0.07,492.00%,0.21,$21.83,$19.78,"3,437",2026-03-18 18:16:24,0.35,"18,549,484",0
SSFI,Day Hagan / Ned Davis Research Smart Sector Fixed Income ETF,Bond,"$35,458,500.00",6430,$21.43,FALSE,False,FALSE,FALSE,-27.00%,-7.00%,-7.00%,638.00%,394.00%,,$0.00,$0.00,$0.0,-$4.25,$5.97,$38.82,Intermediate Term Bond,2021-09-29,76.00%,$0.75,2025-12-29,$0.29,351.00%,Quarterly,44.00%,,1296.00%,238.00%,279.00%,354.00%,Arax Investment Partners LLC,1099,C+,,,C+,,C,,$21.46,$21.50,-19.00%,14.00%,-103.00%,-7.00%,435.00%,351.00%,$0.75,$0.29,450.00%,0.08,$21.76,$20.31,"20,771",2026-03-18 18:16:25,0.29,"30,893,666",0
IBHG,iShares iBonds 2027 Term High Yield and Income ETF,Bond,"$420,852,000.00",132986,$22.30,FALSE,False,FALSE,FALSE,9.00%,64.00%,-9.00%,693.00%,847.00%,,$4.45,$25.58,$0.0,$207.56,$399.09,$410.28,Miscellaneous,2021-07-07,35.00%,$1.41,2025-12-19,$0.11,633.00%,Monthly,44.00%,,206.00%,162.00%,189.00%,191.00%,"BlackRock, Inc.",1099,B+,,,A-,,B,,$22.11,$22.12,-5.00%,9.00%,-14.00%,23.00%,537.00%,625.00%,$1.38,$0.10,375.00%,0.37,$22.18,$20.03,"92,806",2026-03-18 18:16:25,0.38,"449,666,496",0
OVM,Overlay Shares Municipal Bond ETF,Bond,"$34,745,800.00",11223,$21.53,FALSE,False,FALSE,FALSE,9.00%,88.00%,30.00%,449.00%,506.00%,141.00%,$0.00,$3.47,$0.0,$7.92,$21.47,$6.33,Miscellaneous,2019-09-30,81.00%,$1.44,2025-12-23,$0.28,671.00%,Annually,52.00%,,3579.00%,378.00%,402.00%,387.00%,Liquid Strategies,1099,C,,,B-,,A,,$21.73,$21.74,-5.00%,182.00%,8.00%,278.00%,757.00%,624.00%,$1.36,$0.09,555.00%,0.64,$22.10,$18.82,"8,965",2026-03-18 18:16:26,0.39,"33,452,908",0
BSMU,Invesco BulletShares 2030 Municipal Bond ETF,Bond,"$223,931,000.00",47208,$22.05,FALSE,False,FALSE,FALSE,20.00%,51.00%,9.00%,420.00%,345.00%,-55.00%,$4.39,$17.55,$0.0,$82.93,$190.00,$219.51,Miscellaneous,2020-09-16,18.00%,$0.68,2025-12-22,$0.05,307.00%,Monthly,38.00%,,2627.00%,81.00%,131.00%,176.00%,Invesco,1099,B-,,,B+,,B-,,$22.07,$22.08,-3.00%,56.00%,-79.00%,71.00%,443.00%,281.00%,$0.62,$0.05,338.00%,0.13,$22.30,$20.06,"41,641",2026-03-18 18:16:27,0.33,"242,454,880",0
FIGB,Fidelity Investment Grade Bond ETF,Bond,"$327,914,000.00",63675,$43.36,FALSE,False,FALSE,FALSE,-20.00%,-3.00%,-16.00%,688.00%,495.00%,,$0.00,$28.23,$0.0,$157.57,$314.03,$315.91,Intermediate Term Bond,2021-03-02,36.00%,$1.80,2025-12-30,$0.19,416.00%,Monthly,98.00%,,1039.00%,285.00%,330.00%,356.00%,Fidelity,1099,B,,,C,,B,,$43.29,$43.45,-37.00%,45.00%,-106.00%,30.00%,508.00%,414.00%,$1.79,$0.14,507.00%,0.21,$43.98,$40.30,"82,733",2026-03-18 18:16:28,0.28,"440,991,968",0
AAA,Alternative Access First Priority CLO Bond ETF,Bond,"$42,421,300.00",11217,$24.95,FALSE,False,FALSE,FALSE,-5.00%,35.00%,-20.00%,460.00%,682.00%,425.00%,$0.01,$0.01,$0.0,$15.05,$35.00,$35.00,Miscellaneous,2020-09-09,25.00%,$1.28,2025-12-26,$0.10,512.00%,Monthly,36.00%,,167.00%,296.00%,223.00%,218.00%,Alternative Access Funds LLC,1099,C+,,,B+,,A,,$24.98,$25.00,-10.00%,90.00%,21.00%,110.00%,484.00%,504.00%,$1.26,$0.09,341.00%,0.24,$25.06,$23.23,"6,575",2026-03-18 18:16:28,0.03,"42,374,112",0
BILS,State Street SPDR Bloomberg 3-12 Month T-Bill ETF,Bond,"$3,853,960,000.00",394980,$99.25,FALSE,False,FALSE,FALSE,7.00%,40.00%,3.00%,422.00%,478.00%,301.00%,$14.88,-$19.87,$0.0,$545.01,"$3,204.84","$3,840.99",Miscellaneous,2020-09-23,14.00%,$4.05,2025-12-18,$0.34,408.00%,Monthly,117.00%,,24.00%,11.00%,24.00%,24.00%,State Street,1099,B+,,A,A,A,B+,,$99.32,$99.30,2.00%,65.00%,25.00%,82.00%,402.00%,396.00%,$3.93,$0.27,24.00%,0.08,$99.32,$95.46,"512,833",2026-03-18 18:16:29,0.01,"3,888,423,936",0
MBBB,VanEck Moody's Analytics BBB Corporate Bond ETF,Bond,"$8,684,800.00",4061,$21.66,FALSE,False,FALSE,FALSE,-24.00%,8.00%,-6.00%,747.00%,697.00%,85.00%,$0.00,$0.00,$0.0,-$1.08,$0.01,$0.01,Miscellaneous,2020-12-01,25.00%,$1.08,2025-12-29,$0.09,498.00%,Monthly,55.00%,,1821.00%,290.00%,337.00%,350.00%,VanEck,1099,C,,,B-,,B+,,$21.44,$21.47,-14.00%,-24.00%,-165.00%,-10.00%,524.00%,499.00%,$1.07,$0.08,484.00%,0.26,$21.87,$19.94,"6,122",2026-03-18 18:16:30,0.37,"8,758,398",0
LDRI,iShares iBonds 1-5 Year TIPS Ladder ETF,Bond,"$10,580,000.00",3984,$25.17,FALSE,False,FALSE,FALSE,-22.00%,-2.00%,-28.00%,555.00%,,,$0.50,$0.50,$0.0,$8.64,$8.64,$8.64,Miscellaneous,2024-11-07,10.00%,$1.07,2025-12-23,$0.31,424.00%,Quarterly,41.00%,,690.00%,353.00%,250.00%,211.00%,"BlackRock, Inc.",1099,C,,B-,A-,C,C,C+,$25.54,$25.50,18.00%,149.00%,89.00%,148.00%,518.00%,418.00%,$1.07,$0.31,227.00%,0.52,$25.54,$24.26,"5,166",2026-03-18 18:16:30,-0.26,"12,698,386",0
FSEC,Fidelity Investment Grade Securitized ETF,Bond,"$4,293,190,000.00",219034,$44.09,FALSE,False,FALSE,FALSE,-35.00%,22.00%,-9.00%,795.00%,526.00%,,$6.68,$17.76,$0.0,"$2,657.05","$4,205.01","$4,199.06",Miscellaneous,2021-03-02,36.00%,$1.86,2025-12-30,$0.40,422.00%,Monthly,112.00%,,1315.00%,285.00%,371.00%,464.00%,Fidelity,1099,C+,A-,,A,A,A,,$44.26,$44.32,-14.00%,99.00%,-62.00%,94.00%,650.00%,431.00%,$1.91,$0.14,631.00%,0.4,$44.83,$40.30,"176,919",2026-03-18 18:16:31,0.29,"4,455,598,592",0
CRDT,Simplify Opportunistic Income ETF,Bond,"$57,598,200.00",26589,$23.35,FALSE,False,FALSE,FALSE,58.00%,61.00%,17.00%,-49.00%,,,-$1.16,-$11.65,$0.0,-$11.49,$65.33,$65.33,Miscellaneous,2023-06-26,99.00%,$1.78,2025-12-23,$0.13,762.00%,Monthly,42.00%,,994.00%,447.00%,428.00%,513.00%,Simplify,1099,C+,,C+,C,C,A,C,$22.81,$22.81,0.00%,-135.00%,-198.00%,-92.00%,-575.00%,697.00%,$1.59,$0.11,723.00%,-1.35,$24.28,$22.58,"9,434",2026-03-18 18:16:32,0.05,"37,762,180",0
TFJL,Innovator 20+ Year Treasury Bond 5 Floor ETF - July,Bond,"$7,973,600.00",46228,$19.75,FALSE,False,FALSE,FALSE,-75.00%,-182.00%,-23.00%,-100.00%,-5.00%,-421.00%,-$0.50,-$0.54,$0.0,-$24.10,$4.62,$3.54,Intermediate Term Bond,2020-08-18,79.00%,$0.00,,,0.00%,Quarterly,34.00%,,3667.00%,635.00%,697.00%,824.00%,Innovator,1099,B,,,C,,C,,$19.88,$19.87,5.00%,66.00%,-250.00%,-28.00%,-400.00%,,,,840.00%,-0.95,$21.41,$19.54,"1,567",2026-03-18 18:16:32,0.24,"8,216,935",0
HYTR,Counterpoint High Yield Trend ETF,Bond,"$232,075,000.00",62423,$21.74,FALSE,False,FALSE,FALSE,11.00%,70.00%,9.00%,585.00%,719.00%,234.00%,$1.09,$6.49,$0.0,$154.13,$224.22,$220.22,Miscellaneous,2020-01-21,79.00%,$1.29,2025-12-12,$0.23,594.00%,Monthly,43.00%,,1077.00%,260.00%,305.00%,334.00%,Counterpoint Mutual Funds LLC,1099,B,,,C+,,C+,,$21.43,$21.46,-14.00%,-53.00%,-111.00%,-14.00%,426.00%,585.00%,$1.25,$0.10,459.00%,0.06,$21.73,$19.65,"61,046",2026-03-18 18:16:33,0.25,"249,407,472",0
FPFD,Fidelity Preferred Securities & Income ETF,Bond,"$76,050,800.00",20433,$21.90,FALSE,False,FALSE,FALSE,46.00%,76.00%,48.00%,630.00%,877.00%,,$0.00,$1.09,$0.0,$23.88,$42.36,$75.56,Miscellaneous,2021-06-15,59.00%,$1.10,2025-12-30,$0.13,502.00%,Monthly,56.00%,,841.00%,218.00%,250.00%,274.00%,Fidelity,1099,C+,,,A-,,B-,,$21.78,$21.81,-14.00%,17.00%,-109.00%,68.00%,595.00%,500.00%,$1.09,$0.08,338.00%,0.58,$22.08,$19.69,"26,331",2026-03-18 18:16:34,0.41,"82,095,816",0
TRSY,Xtrackers US 0-1 Year Treasury ETF,Bond,"$21,653,300.00",12789,$30.07,FALSE,False,FALSE,FALSE,2.00%,30.00%,-2.00%,421.00%,,,$0.00,$0.00,$0.0,$18.64,$19.24,$19.24,Miscellaneous,2024-10-09,6.00%,$1.38,2025-12-22,$0.10,460.00%,Monthly,36.00%,,12.00%,35.00%,39.00%,42.00%,Deutsche Bank AG,1099,C,,B,B+,C+,C,C+,$30.12,$30.11,2.00%,72.00%,27.00%,84.00%,404.00%,389.00%,$1.17,$0.08,134.00%,0.03,$30.13,$28.95,"33,221",2026-03-18 18:16:35,0.1,"22,917,088",0
CVRT,Calamos Convertible Equity Alternative ETF,Bond,"$15,316,000.00",5089,$39.07,FALSE,False,FALSE,FALSE,44.00%,280.00%,253.00%,3265.00%,,,$0.00,$1.89,$0.0,$2.60,$5.99,$5.99,Miscellaneous,2023-10-04,69.00%,$0.67,2025-12-23,$0.10,172.00%,Monthly,364.00%,,3737.00%,1815.00%,2282.00%,1962.00%,"Calamos Family Partners, Inc.",1099,C,,,,,C,C+,$42.96,$42.58,90.00%,1017.00%,-5.00%,1390.00%,5282.00%,154.00%,$0.66,$0.05,2203.00%,2.22,$44.06,$24.36,"9,846",2026-03-18 18:16:36,1.18,"19,324,640",0
BNDD,Quadratic Deflation ETF,Bond,"$8,719,700.00",783,$95.46,FALSE,False,FALSE,FALSE,-72.00%,-296.00%,-33.00%,-658.00%,-327.00%,,$0.00,$0.00,$0.0,-$2.39,-$17.80,$52.80,Miscellaneous,2021-09-20,102.00%,$0.97,2025-12-30,$0.29,101.00%,Monthly,300.00%,,2655.00%,776.00%,760.00%,945.00%,CICC,1099,C,,B-,C,C,C,,$98.14,$98.14,0.00%,343.00%,11.00%,247.00%,-576.00%,366.00%,$3.59,$0.30,1241.00%,-0.79,$104.87,$93.25,527,2026-03-18 18:16:37,0.33,"7,491,456",0
JOJO,ATAC Credit Rotation ETF,Bond,"$6,221,800.00",4887,$15.54,FALSE,False,FALSE,FALSE,3.00%,57.00%,-1.00%,1017.00%,689.00%,,$0.00,$0.00,$0.0,$3.16,$1.35,$8.76,Miscellaneous,2021-07-15,124.00%,$0.74,2025-12-30,$0.08,478.00%,Monthly,51.00%,,1557.00%,200.00%,414.00%,550.00%,Tidal Financial Group,1099,C+,,,C,,C,,$15.67,$15.72,-29.00%,170.00%,-236.00%,200.00%,953.00%,496.00%,$0.78,$0.05,811.00%,0.68,$16.19,$13.61,"4,583",2026-03-18 18:16:39,0.53,"6,094,973",0
BSCV,Invesco BulletShares 2031 Corporate Bond ETF,Bond,"$1,524,960,000.00",491120,$16.69,FALSE,False,FALSE,FALSE,-12.00%,39.00%,0.00%,889.00%,690.00%,,$7.52,$105.29,$0.0,$678.16,"$1,420.20","$1,480.69",Miscellaneous,2021-09-15,10.00%,$0.84,2025-12-22,$0.06,502.00%,Monthly,45.00%,,959.00%,267.00%,275.00%,281.00%,Invesco,1099,B+,,,B,,B,,$16.56,$16.58,-15.00%,-10.00%,-109.00%,-5.00%,670.00%,469.00%,$0.78,$0.06,420.00%,0.64,$16.81,$15.17,"479,388",2026-03-18 18:16:40,0.42,"1,637,496,192",0
BSMV,Invesco BulletShares 2031 Municipal Bond ETF,Bond,"$160,109,000.00",37063,$21.15,FALSE,False,FALSE,FALSE,19.00%,47.00%,5.00%,385.00%,355.00%,,$4.21,$21.05,$0.0,$71.02,$146.08,$155.13,Miscellaneous,2021-09-15,18.00%,$0.67,2025-12-22,$0.05,316.00%,Monthly,38.00%,,3290.00%,132.00%,162.00%,205.00%,Invesco,1099,C+,,,B-,,B-,,$21.14,$21.16,-11.00%,42.00%,-121.00%,40.00%,462.00%,291.00%,$0.62,$0.05,427.00%,0.15,$21.48,$19.21,"42,590",2026-03-18 18:16:40,0.38,"175,314,080",0
BSJT,Invesco BulletShares 2029 High Yield Corporate Bond ETF,Bond,"$404,087,000.00",113098,$21.54,FALSE,False,FALSE,FALSE,5.00%,93.00%,14.00%,754.00%,976.00%,,$10.73,$32.22,$0.0,$226.37,$387.54,$396.59,Miscellaneous,2021-09-15,42.00%,$1.59,2025-12-22,$0.12,738.00%,Monthly,54.00%,,296.00%,231.00%,314.00%,362.00%,Invesco,1099,B+,,,C+,,B+,,$21.13,$21.15,-7.00%,-86.00%,-84.00%,-51.00%,633.00%,687.00%,$1.45,$0.11,535.00%,0.43,$21.49,$18.74,"118,972",2026-03-18 18:16:41,0.5,"459,703,872",0
REC,Emles Real Estate Credit ETF,Bond,"$2,012,000.00",3085,$20.06,FALSE,False,FALSE,FALSE,-73.00%,-381.00%,-1666.00%,-1641.00%,,,$0.00,$0.00,$0.0,$0.00,$0.00,-$20.75,Miscellaneous,2020-10-15,48.00%,$0.61,2022-10-13,$0.12,305.00%,Monthly,126.00%,,760.00%,843.00%,682.00%,742.00%,Emles Advisors LLC,1099,C+,,C+,A,B-,B,C,,,,,,,,,,,,,,,,,0.25,,
TBJL,Innovator 20+ Year Treasury Bond 9 Buffer ETF - July,Bond,"$24,998,400.00",6183,$19.92,FALSE,False,FALSE,FALSE,-12.00%,-86.00%,3.00%,142.00%,86.00%,-413.00%,$0.00,-$1.00,$0.0,$7.15,-$26.16,$19.14,Intermediate Term Bond,2020-08-18,79.00%,$0.00,,,0.00%,Annually,28.00%,,1456.00%,423.00%,597.00%,650.00%,Innovator,1099,B-,,,C,,C,,$19.92,$19.99,-35.00%,2.00%,-178.00%,-30.00%,-143.00%,,,,711.00%,-0.76,$20.66,$19.22,"3,509",2026-03-18 18:16:42,0.36,"23,502,976",0
GGOV,iShares Global Government Bond USD Hedged Active ETF,Bond,"$42,048,400.00",1544,$48.85,FALSE,False,FALSE,FALSE,-27.00%,14.00%,0.00%,,,,$0.00,$0.00,$0.0,$3.02,$3.02,$3.02,Miscellaneous,2025-06-25,39.00%,$1.62,2025-12-19,$1.62,331.00%,Monthly,,,225.00%,221.00%,234.00%,259.00%,"BlackRock, Inc.",1099,B-,A-,A,,B+,B,B-,$49.08,$49.08,0.00%,46.00%,15.00%,37.00%,88.00%,330.00%,$1.62,$1.62,333.00%,-0.94,$49.99,$48.24,"1,743",2026-03-18 18:16:43,0.21,"43,025,580",0
FLUD,Franklin Ultra Short Bond ETF,Bond,"$179,784,000.00",37630,$25.01,FALSE,False,FALSE,FALSE,8.00%,45.00%,10.00%,514.00%,562.00%,338.00%,$0.00,$5.00,$0.0,$154.45,$175.55,$176.79,Miscellaneous,2020-07-14,15.00%,$1.14,2025-12-19,$0.11,457.00%,Monthly,37.00%,,84.00%,86.00%,141.00%,194.00%,Franklin Templeton,1099,C+,,,A-,,B,,$24.99,$24.99,0.00%,51.00%,9.00%,74.00%,472.00%,448.00%,$1.12,$0.08,172.00%,0.42,$25.84,$23.66,"106,636",2026-03-18 18:16:44,0.01,"218,143,760",0
IBTK,iShares iBonds Dec 2030 Term Treasury ETF,Bond,"$703,526,000.00",261086,$19.83,FALSE,False,FALSE,FALSE,-13.00%,13.00%,-5.00%,737.00%,417.00%,-148.00%,$10.93,$100.25,$0.0,$377.53,$598.61,$705.85,Miscellaneous,2020-07-14,7.00%,$0.75,2025-12-19,$0.06,380.00%,Monthly,43.00%,,922.00%,210.00%,239.00%,258.00%,"BlackRock, Inc.",1099,B-,,B-,B,B-,C+,,$19.79,$19.83,-18.00%,37.00%,-54.00%,21.00%,526.00%,378.00%,$0.75,$0.06,355.00%,0.35,$20.01,$18.71,"184,029",2026-03-18 18:16:45,0.22,"816,134,976",0
UBND,VictoryShares Core Plus Intermediate Bond ETF,Bond,"$1,577,950,000.00",230603,$21.97,FALSE,False,FALSE,FALSE,-7.00%,25.00%,-14.00%,751.00%,600.00%,,$6.04,$77.80,$0.0,"$1,017.97","$1,342.71","$2,137.72",Intermediate Term Bond,2021-10-05,40.00%,$1.00,2025-12-11,$0.16,457.00%,Monthly,51.00%,,365.00%,225.00%,284.00%,306.00%,Victory Capital,1099,A-,,,B,,B,,$21.91,$21.90,2.00%,55.00%,-84.00%,51.00%,577.00%,464.00%,$1.02,$0.09,391.00%,0.45,$22.17,$20.29,"203,502",2026-03-18 18:16:45,0.32,"1,782,512,512",0
IBTL,iShares iBonds Dec 2031 Term Treasury ETF,Bond,"$458,576,000.00",157761,$20.51,FALSE,False,FALSE,FALSE,-19.00%,0.00%,-5.00%,783.00%,387.00%,,$7.20,$36.97,$0.0,$190.16,$434.81,$451.57,Miscellaneous,2021-07-13,7.00%,$0.81,2025-12-19,$0.06,393.00%,Monthly,48.00%,,1220.00%,249.00%,291.00%,303.00%,"BlackRock, Inc.",1099,B-,,B-,B-,B-,B-,,$20.49,$20.51,-15.00%,46.00%,-63.00%,23.00%,556.00%,391.00%,$0.80,$0.06,418.00%,0.37,$20.75,$19.23,"126,851",2026-03-18 18:16:46,45981.17,"536,477,024",0
RISR,FolioBeyond Alternative Income and Interest Rate Hedge ETF,Bond,"$183,575,000.00",42161,$35.89,FALSE,False,FALSE,FALSE,8.00%,60.00%,-61.00%,350.00%,1139.00%,,$0.00,-$2.17,$0.0,$107.52,$94.62,$179.74,Miscellaneous,2021-09-30,104.00%,$2.15,2025-12-26,$0.17,598.00%,Monthly,46.00%,,4480.00%,562.00%,550.00%,523.00%,Tidal Financial Group,1099,C+,,A+,B-,B+,A,,$36.31,$36.21,28.00%,220.00%,188.00%,179.00%,520.00%,591.00%,$2.15,$0.18,638.00%,0.19,$37.37,$33.42,"42,065",2026-03-18 18:16:47,-0.43,"195,713,808",0
MINN,Mairs & Power Minnesota Municipal Bond ETF,Bond,"$36,024,700.00",,,FALSE,False,FALSE,FALSE,,,,,,,$0.89,$1.56,$0.0,$12.20,$18.02,$37.90,Miscellaneous,2021-03-11,25.00%,,,,,Monthly,,,,,,,"Mairs & Power, Inc.",1099,,,,,,,,$22.51,$22.38,58.00%,18.00%,-86.00%,59.00%,507.00%,295.00%,$0.66,$0.05,601.00%,0.18,$23.08,$20.37,"14,800",2026-03-18 18:16:47,,"41,374,752",0
TYA,Simplify Intermediate Term Treasury Futures Strategy ETF,Bond,"$86,070,600.00",95748,$13.48,FALSE,False,FALSE,FALSE,-99.00%,-144.00%,-15.00%,1390.00%,30.00%,,$1.37,$4.04,$0.0,-$34.26,$63.15,$114.41,Miscellaneous,2021-09-27,15.00%,$0.59,2025-12-23,$0.09,441.00%,Monthly,63.00%,,4321.00%,877.00%,1011.00%,1063.00%,Simplify,1099,B-,,C,C,C,C+,,$13.42,$13.47,-33.00%,-8.00%,-279.00%,-146.00%,691.00%,380.00%,$0.51,$0.03,1400.00%,0.21,$14.09,$12.07,"56,791",2026-03-18 18:16:48,0.67,"66,164,272",0
DFIP,Dimensional Inflation-Protected Securities ETF,Bond,"$1,051,020,000.00",95253,$41.54,FALSE,False,FALSE,FALSE,-14.00%,-31.00%,-2.00%,745.00%,441.00%,,$5.20,$19.78,$0.0,$224.34,$699.65,"$1,052.69",Miscellaneous,2021-11-15,11.00%,$1.96,2025-12-16,$0.29,471.00%,Monthly,98.00%,,1417.00%,217.00%,300.00%,316.00%,Dimensional,1099,B-,,C+,B-,C+,C+,,$42.20,$42.17,7.00%,158.00%,29.00%,139.00%,613.00%,454.00%,$1.91,$0.29,413.00%,0.52,$42.39,$38.93,"111,806",2026-03-18 18:16:49,0.32,"1,071,356,096",0
DFNM,Dimensional National Municipal Bond ETF,Bond,"$1,929,210,000.00",191806,$48.17,FALSE,False,FALSE,FALSE,8.00%,28.00%,0.00%,378.00%,300.00%,,$0.00,$93.72,$0.0,$477.60,"$1,211.58","$1,908.17",Miscellaneous,2021-11-15,17.00%,$1.41,2025-12-16,$0.22,294.00%,Monthly,67.00%,,206.00%,76.00%,117.00%,150.00%,Dimensional,1099,B+,,,A-,,B-,,$48.42,$48.42,0.00%,81.00%,-64.00%,96.00%,432.00%,293.00%,$1.42,$0.10,255.00%,0.13,$48.87,$45.01,"146,422",2026-03-18 18:16:50,0.18,"2,062,835,200",0
DFSD,Dimensional Short-Duration Fixed Income ETF,Bond,"$5,929,150,000.00",493822,$47.98,FALSE,False,FALSE,FALSE,0.00%,42.00%,6.00%,658.00%,578.00%,,$33.54,$187.19,$0.0,"$1,970.17","$4,885.42","$5,841.56",Miscellaneous,2021-11-15,16.00%,$1.98,2025-12-16,$0.38,412.00%,Monthly,94.00%,,125.00%,154.00%,148.00%,151.00%,Dimensional,1099,B+,,,A-,,C+,,$48.07,$48.10,-5.00%,19.00%,-64.00%,31.00%,537.00%,382.00%,$1.83,$0.38,217.00%,0.63,$48.51,$45.19,"469,606",2026-03-18 18:16:50,0.11,"6,362,004,480",0
AHYB,American Century  Select High Yield ETF,Bond,"$55,985,500.00",4069,$46.69,FALSE,False,FALSE,FALSE,8.00%,74.00%,-14.00%,861.00%,891.00%,,$0.00,$4.65,$0.0,$20.90,$25.34,$38.55,Miscellaneous,2021-11-16,45.00%,$2.71,2025-12-16,$0.27,580.00%,Monthly,118.00%,,220.00%,177.00%,251.00%,288.00%,American Century Investments,1099,C,,,B,,C+,,$46.10,$46.17,-15.00%,-24.00%,-103.00%,4.00%,696.00%,597.00%,$2.75,$0.23,483.00%,0.61,$46.74,$41.24,"2,897",2026-03-18 18:16:51,0.44,"58,489,728",0
FSIG,First Trust Limited Duration Investment Grade Corporate ETF,Bond,"$1,436,060,000.00",340422,$19.18,FALSE,False,FALSE,FALSE,3.00%,54.00%,-3.00%,699.00%,579.00%,,$0.00,$21.05,$0.0,$146.76,"$1,335.73","$1,409.15",Miscellaneous,2021-11-17,55.00%,$0.98,2025-12-12,$0.11,508.00%,Monthly,39.00%,,409.00%,137.00%,158.00%,169.00%,First Trust,1099,B+,,,B+,,B-,,$19.02,$19.04,-8.00%,-8.00%,-69.00%,5.00%,517.00%,480.00%,$0.91,$0.07,238.00%,0.49,$19.19,$17.90,"327,825",2026-03-18 18:16:52,0.14,"1,496,822,144",0
PTRB,PGIM Total Return Bond ETF,Bond,"$673,440,000.00",70272,$41.99,FALSE,False,FALSE,FALSE,-22.00%,12.00%,-12.00%,747.00%,593.00%,,$3.17,$11.59,$0.0,$310.96,$590.52,$649.89,Intermediate Term Bond,2021-12-08,49.00%,$1.99,2025-12-30,$0.20,473.00%,Monthly,100.00%,,1067.00%,255.00%,301.00%,325.00%,Prudential,1099,B,,,C+,,B+,,$41.88,$41.92,-10.00%,45.00%,-120.00%,43.00%,560.00%,474.00%,$1.98,$0.16,445.00%,0.36,$42.62,$38.51,"86,435",2026-03-18 18:16:53,0.35,"872,171,712",0
JHPI,John Hancock Preferred Income ETF,Bond,"$123,064,000.00",42477,$22.93,FALSE,False,FALSE,FALSE,31.00%,105.00%,41.00%,725.00%,853.00%,,$0.57,$4.01,$0.0,$77.57,$103.02,$122.88,Miscellaneous,2021-12-14,54.00%,$1.31,2025-12-29,$0.23,571.00%,Monthly,64.00%,,897.00%,206.00%,299.00%,308.00%,Manulife,1099,B-,,,A,,B,,$22.89,$22.93,-20.00%,18.00%,-150.00%,76.00%,692.00%,567.00%,$1.30,$0.04,378.00%,0.77,$23.32,$20.50,"46,893",2026-03-18 18:16:53,0.4,"157,588,032",0
FCSH,Federated Hermes Short Duration Corporate ETF,Bond,"$64,951,600.00",2306,$24.45,FALSE,False,FALSE,FALSE,6.00%,45.00%,2.00%,639.00%,551.00%,,$0.00,$1.96,$0.0,$54.71,$36.86,$64.93,Miscellaneous,2021-12-16,30.00%,$1.01,2025-12-31,$0.08,413.00%,Monthly,46.00%,,146.00%,114.00%,130.00%,147.00%,"Federated Hermes, Inc.",1099,B-,,,A-,,B+,,$24.39,$24.40,-7.00%,42.00%,-57.00%,60.00%,539.00%,412.00%,$1.00,$0.09,211.00%,0.66,$24.56,$22.99,"1,552",2026-03-18 18:16:54,0.13,"64,886,296",0
FHYS,Federated Hermes Short Duration High Yield ETF,Bond,"$51,507,500.00",22063,$23.31,FALSE,False,FALSE,FALSE,7.00%,76.00%,10.00%,767.00%,862.00%,,$1.40,$1.40,$0.0,$23.20,$21.69,$53.62,Miscellaneous,2021-12-16,50.00%,$1.39,2025-12-31,$0.14,595.00%,Monthly,52.00%,,508.00%,180.00%,206.00%,223.00%,"Federated Hermes, Inc.",1099,B-,,,A,,B,,$23.03,$23.08,-20.00%,-34.00%,-56.00%,-3.00%,634.00%,582.00%,$1.34,$0.15,427.00%,0.55,$23.24,$20.96,"19,834",2026-03-18 18:16:55,0.26,"48,371,284",0
MMCA,NYLI MacKay California Muni Intermediate ETF,Bond,"$68,581,800.00",32181,$21.84,FALSE,False,FALSE,FALSE,24.00%,31.00%,7.00%,560.00%,441.00%,,$1.09,$4.36,$0.0,$42.22,$18.51,$24.88,Miscellaneous,2021-12-21,36.00%,$0.74,2025-12-30,$0.06,339.00%,Monthly,45.00%,,885.00%,75.00%,141.00%,225.00%,New York Life,1099,B+,A-,,A-,,,,$21.86,$21.90,-16.00%,60.00%,-118.00%,97.00%,564.00%,335.00%,$0.73,$0.05,332.00%,0.49,$22.44,$19.97,"19,953",2026-03-18 18:16:56,0.3,"77,571,848",0
DFCF,Dimensional Core Fixed Income ETF,Bond,"$8,879,990,000.00",763336,$42.55,FALSE,False,FALSE,FALSE,-23.00%,13.00%,-2.00%,783.00%,552.00%,,$53.27,$317.47,$0.0,"$2,661.74","$6,638.69","$8,817.86",Intermediate Term Bond,2021-11-15,17.00%,$1.90,2025-12-16,$0.29,447.00%,Monthly,107.00%,,1159.00%,295.00%,317.00%,335.00%,Dimensional,1099,A-,,,C+,,B,,$42.59,$42.62,-8.00%,37.00%,-111.00%,23.00%,588.00%,437.00%,$1.86,$0.08,452.00%,0.42,$43.27,$38.94,"947,968",2026-03-18 18:16:57,0.32,"9,671,633,920",0
KDRN,Kingsbarn Tactical Bond ETF,Bond,"$2,332,000.00",1308,$23.18,FALSE,False,FALSE,FALSE,-45.00%,-37.00%,-10.00%,455.00%,524.00%,,$0.00,$0.00,$0.0,$1.17,$1.20,$1.66,Intermediate Term Bond,2021-12-19,57.00%,$0.59,2025-12-24,$0.23,254.00%,Quarterly,34.00%,,1817.00%,366.00%,422.00%,436.00%,Kingsbarn Capital Management LLC,1099,C,,,B,,C,,$23.35,$23.35,0.00%,72.00%,-80.00%,21.00%,281.00%,253.00%,$0.59,$0.23,467.00%,-0.25,$23.68,$22.45,"2,366",2026-03-18 18:16:57,0.3,"1,185,889",0
JBBB,Janus Henderson B-BBB CLO ETF,Bond,"$1,194,000,000.00",488852,$47.62,FALSE,False,FALSE,FALSE,-6.00%,38.00%,-17.00%,386.00%,1049.00%,,$0.00,-$38.32,$0.0,-$211.11,"$1,145.73","$1,210.68",Miscellaneous,2022-01-11,48.00%,$3.87,2025-12-22,$0.29,813.00%,Annually,76.00%,,1768.00%,178.00%,185.00%,214.00%,Janus Henderson,1099,A-,,,B,,A,,$46.92,$47.00,-18.00%,-45.00%,-121.00%,-44.00%,430.00%,742.00%,$3.48,$0.25,497.00%,0.06,$47.87,$42.83,"624,003",2026-03-18 18:16:58,0.18,"1,080,481,792",0
HYRM,Xtrackers Risk Managed USD High Yield Strategy ETF,Bond,"$47,916,700.00",2537,$23.37,FALSE,False,TRUE,FALSE,31.00%,79.00%,6.00%,581.00%,857.00%,,$0.00,$0.00,$0.0,$5.28,-$4.86,$47.80,Miscellaneous,2022-02-10,30.00%,$1.63,2025-12-22,$0.22,697.00%,Monthly,44.00%,,963.00%,246.00%,337.00%,352.00%,DWS,1099,C,,,B+,,C+,,$23.10,$23.12,-9.00%,-17.00%,-66.00%,30.00%,444.00%,634.00%,$1.46,$0.11,541.00%,0.08,$23.45,$21.16,"3,770",2026-03-18 18:16:59,0.46,"49,141,880",0
AGGH,Simplify Aggregate Bond ETF,Bond,"$302,495,000.00",151730,$20.71,FALSE,False,FALSE,FALSE,-48.00%,32.00%,5.00%,874.00%,619.00%,,-$33.26,-$30.67,$0.0,$42.62,$307.06,$307.71,Intermediate Term Bond,2022-02-14,30.00%,$1.67,2025-12-23,$0.13,806.00%,Monthly,58.00%,,2060.00%,417.00%,496.00%,590.00%,Simplify,1099,B+,,,C,,A,,$20.56,$20.57,-7.00%,45.00%,-111.00%,23.00%,483.00%,754.00%,$1.55,$0.12,858.00%,0.1,$20.92,$18.11,"138,799",2026-03-18 18:17:00,0.21,"390,972,736",0
HYBL,State Street Blackstone High Income ETF,Bond,"$545,283,000.00",199622,$28.46,FALSE,False,FALSE,FALSE,21.00%,87.00%,7.00%,760.00%,960.00%,,$1.42,$8.52,$0.0,$282.83,$422.90,$424.41,Miscellaneous,2022-02-16,70.00%,$2.05,2025-12-18,$0.17,721.00%,Monthly,71.00%,,507.00%,174.00%,208.00%,223.00%,State Street,1099,A-,,,A-,,A,,$27.78,$27.82,-11.00%,-132.00%,-142.00%,-78.00%,641.00%,727.00%,$2.02,$0.15,458.00%,0.53,$28.31,$25.17,"206,812",2026-03-18 18:17:00,0.3,"580,889,856",0
CDX,Simplify High Yield ETF,Bond,"$464,772,000.00",231461,$22.20,FALSE,False,FALSE,FALSE,-22.00%,-37.00%,-31.00%,845.00%,985.00%,,$0.00,-$6.71,$0.0,$352.11,$432.87,$476.65,Miscellaneous,2022-02-14,25.00%,$2.55,2025-12-23,$0.15,1147.00%,Monthly,55.00%,,10976.00%,329.00%,371.00%,416.00%,Simplify,1099,B+,,,C+,,A+,,$21.69,$21.77,-37.00%,-97.00%,-123.00%,-132.00%,248.00%,830.00%,$1.80,$0.15,1607.00%,-0.09,$23.15,$20.25,"179,904",2026-03-18 18:17:01,0.33,"487,780,288",0
FSYD,Fidelity Sustainable High Yield ETF,Bond,"$85,702,600.00",20814,$48.48,FALSE,False,FALSE,FALSE,10.00%,105.00%,8.00%,907.00%,1003.00%,,$0.00,$7.25,$0.0,$46.92,$75.14,$75.14,Miscellaneous,2022-02-15,55.00%,$3.14,2025-12-30,$0.27,649.00%,Monthly,141.00%,,269.00%,258.00%,367.00%,385.00%,Fidelity,1099,C+,,,C+,,A-,,$48.16,$48.22,-12.00%,23.00%,-122.00%,54.00%,858.00%,641.00%,$3.09,$0.20,587.00%,0.78,$48.97,$41.79,"26,986",2026-03-18 18:17:02,0.46,"104,507,440",0
GEMD,Goldman Sachs Access Emerging Markets USD Bond ETF,Bond,"$34,232,000.00",3214,$42.46,FALSE,False,TRUE,TRUE,-16.00%,51.00%,3.00%,1336.00%,842.00%,,$0.00,$2.14,$0.0,-$35.82,-$13.60,-$6.94,Miscellaneous,2022-02-15,30.00%,$2.68,2025-12-31,$0.21,632.00%,Monthly,172.00%,,130.00%,319.00%,425.00%,475.00%,Goldman Sachs,1099,,A+,,,,,,$41.80,$41.92,-29.00%,-70.00%,-239.00%,-84.00%,975.00%,641.00%,$2.68,$0.18,602.00%,0.96,$43.08,$36.14,"7,095",2026-03-18 18:17:03,0.53,"36,607,976",0
XHYC,BondBloxx USD High Yield Bond Consumer Cyclicals Sector ETF,Bond,"$25,241,000.00",3198,$37.38,FALSE,False,FALSE,FALSE,23.00%,93.00%,24.00%,706.00%,996.00%,,$0.00,$0.00,$0.0,-$44.35,$21.73,$26.07,Miscellaneous,2022-02-15,35.00%,$2.48,2025-12-30,$0.20,663.00%,Monthly,87.00%,,530.00%,230.00%,243.00%,281.00%,Bondbloxx Investment Management Corp.,1099,C,,,A-,,B,,$36.96,$36.96,0.00%,-17.00%,-87.00%,20.00%,662.00%,662.00%,$2.45,$0.18,442.00%,0.59,$37.44,$33.18,"7,856",2026-03-18 18:17:03,0.46,"22,501,512",0
XHYH,BondBloxx USD High Yield Bond Healthcare Sector ETF,Bond,"$24,093,600.00",5681,$35.71,FALSE,False,FALSE,FALSE,-20.00%,25.00%,1.00%,1023.00%,1095.00%,,$0.90,$1.79,$0.0,-$23.11,$20.43,$23.37,Miscellaneous,2022-02-15,35.00%,$2.48,2025-12-30,$0.20,695.00%,Monthly,114.00%,,1004.00%,297.00%,338.00%,406.00%,Bondbloxx Investment Management Corp.,1099,C,,,B-,,B+,,$35.10,$35.22,-34.00%,-54.00%,-108.00%,-37.00%,826.00%,718.00%,$2.52,$0.18,769.00%,0.55,$35.93,$31.31,"7,910",2026-03-18 18:17:04,0.48,"20,532,284",0
XHYT,"BondBloxx USD High Yield Bond Telecom, Media & Technology Sector ETF",Bond,"$51,879,800.00",6588,$34.61,FALSE,False,FALSE,FALSE,7.00%,75.00%,5.00%,831.00%,888.00%,,$0.00,$0.00,$0.0,-$62.24,$48.95,$52.95,Miscellaneous,2022-02-15,35.00%,$2.68,2025-12-30,$0.22,774.00%,Monthly,94.00%,,3017.00%,154.00%,301.00%,411.00%,Bondbloxx Investment Management Corp.,1099,C+,,,B-,,A,,$34.01,$33.97,11.00%,-58.00%,-53.00%,-3.00%,683.00%,782.00%,$2.66,$0.19,602.00%,0.47,$35.57,$30.64,"16,014",2026-03-18 18:17:05,0.49,"47,997,400",0
CGCP, Capital Group Core Plus Income ETF,Bond,"$6,498,150,000.00",1373941,$22.64,FALSE,False,FALSE,FALSE,-9.00%,33.00%,0.00%,650.00%,553.00%,,$36.71,$220.60,$0.0,"$2,399.14","$5,984.51","$6,467.06",Intermediate Term Bond,2022-02-22,34.00%,$0.98,2025-12-24,$0.12,432.00%,Monthly,49.00%,,191.00%,258.00%,304.00%,322.00%,The Capital Group Companies,1099,A,,,B,,A-,,$22.52,$22.53,-4.00%,18.00%,-112.00%,22.00%,543.00%,512.00%,$1.15,$0.09,408.00%,0.35,$22.85,$20.74,"1,771,495",2026-03-18 18:17:06,0.36,"7,253,390,336",0
XHYD,BondBloxx USD High Yield Bond Consumer Non-Cyclicals Sector ETF,Bond,"$20,152,800.00",4284,$38.44,FALSE,False,FALSE,FALSE,24.00%,85.00%,20.00%,858.00%,884.00%,,$0.00,$0.00,$0.0,-$12.01,$16.28,$20.50,Miscellaneous,2022-02-15,35.00%,$2.23,2025-12-30,$0.19,581.00%,Monthly,95.00%,,645.00%,372.00%,320.00%,288.00%,Bondbloxx Investment Management Corp.,1099,C,,,A-,,C+,,$38.49,$38.49,0.00%,102.00%,14.00%,151.00%,789.00%,572.00%,$2.20,$0.16,418.00%,0.93,$39.76,$34.49,"6,897",2026-03-18 18:17:06,0.4,"23,187,448",0
HISF,First Trust High Income Strategic Focus ETF,Bond,"$65,647,400.00",7333,$45.18,FALSE,False,FALSE,FALSE,-13.00%,30.00%,-15.00%,848.00%,572.00%,323.00%,$2.26,$2.26,$0.0,$20.27,$27.05,-$7.26,Intermediate Term Bond,2014-08-13,87.00%,$2.30,2025-12-12,$0.19,510.00%,Monthly,117.00%,,412.00%,205.00%,241.00%,254.00%,First Trust,1099,C+,,B,B+,B-,B,,$44.70,$44.80,-22.00%,-22.00%,-136.00%,-18.00%,581.00%,483.00%,$2.16,$0.19,341.00%,0.53,$45.48,$41.34,"7,842",2026-03-18 18:17:07,0.31,"88,566,448",0
IBHH,iShares iBonds 2028 Term High Yield and Income ETF,Bond,"$406,120,000.00",,,FALSE,False,FALSE,FALSE,,,,,,,$0.00,$42.47,$0.0,$231.06,$388.40,$392.87,Miscellaneous,2022-03-08,35.00%,,,,,Monthly,,,,,,,"BlackRock, Inc.",1099,,,,,,,,$23.50,$23.49,4.00%,41.00%,-29.00%,62.00%,699.00%,636.00%,$1.49,$0.12,507.00%,0.59,$23.63,$20.52,"86,768",2026-03-18 18:17:08,,"452,754,496",0
IBHI,iShares iBonds 2029 Term High Yield and Income ETF,Bond,"$337,884,000.00",,,FALSE,False,FALSE,FALSE,,,,,,,$2.35,$24.69,$0.0,$224.63,$324.66,$327.17,Miscellaneous,2022-03-08,35.00%,,,,,Monthly,,,,,,,"BlackRock, Inc.",1099,,,,,,,,$23.30,$23.30,-2.00%,-23.00%,-75.00%,11.00%,713.00%,684.00%,$1.59,$0.13,573.00%,0.55,$23.55,$20.44,"84,114",2026-03-18 18:17:09,,"387,173,440",0
XHYE,BondBloxx USD High Yield Bond Energy Sector ETF,Bond,"$11,668,900.00",1650,$38.53,FALSE,False,FALSE,FALSE,11.00%,41.00%,-8.00%,638.00%,851.00%,,$0.00,$0.00,$0.0,-$3.67,$4.73,$10.72,Miscellaneous,2022-02-15,35.00%,$2.52,2025-12-30,$0.21,655.00%,Monthly,96.00%,,557.00%,304.00%,355.00%,373.00%,Bondbloxx Investment Management Corp.,1099,C,,,C,,B+,,$39.06,$39.06,0.00%,238.00%,9.00%,317.00%,809.00%,640.00%,$2.50,$0.18,644.00%,0.64,$39.32,$33.85,"2,250",2026-03-18 18:17:10,0.4,"10,915,394",0
XHYF,BondBloxx USD High Yield Bond Financial & REIT Sector ETF,Bond,"$27,489,900.00",3106,$37.86,FALSE,False,FALSE,FALSE,1.00%,65.00%,-11.00%,860.00%,1015.00%,,$0.00,$0.00,$0.0,-$30.43,$22.08,$26.25,Miscellaneous,2022-02-15,35.00%,$2.55,2025-12-30,$0.20,674.00%,Monthly,96.00%,,371.00%,173.00%,248.00%,316.00%,Bondbloxx Investment Management Corp.,1099,C,,,B+,,B+,,$37.10,$37.03,20.00%,-101.00%,-119.00%,-73.00%,608.00%,681.00%,$2.53,$0.18,460.00%,0.45,$39.10,$33.86,"8,393",2026-03-18 18:17:10,0.44,"26,308,036",0
XHYI,BondBloxx USD High Yield Bond Industrial Sector ETF,Bond,"$36,304,800.00",4119,$38.23,FALSE,False,FALSE,FALSE,23.00%,107.00%,6.00%,787.00%,907.00%,,$0.00,$0.00,$0.0,-$44.41,$31.95,$36.09,Miscellaneous,2022-02-15,35.00%,$2.48,2025-12-30,$0.21,649.00%,Monthly,94.00%,,754.00%,288.00%,317.00%,296.00%,Bondbloxx Investment Management Corp.,1099,C,,,A-,,B,,$37.58,$37.61,-6.00%,-70.00%,-133.00%,-23.00%,641.00%,659.00%,$2.48,$0.18,457.00%,0.53,$38.60,$33.54,"9,480",2026-03-18 18:17:11,0.43,"34,361,764",0
OACP,OneAscent Core Plus Bond ETF,Bond,"$216,764,000.00",26645,$23.03,FALSE,False,FALSE,FALSE,-11.00%,14.00%,0.00%,714.00%,517.00%,,$0.00,$1.16,$0.0,$48.16,$110.69,$203.63,Intermediate Term Bond,2022-03-30,74.00%,$1.03,2025-12-30,$0.10,446.00%,Monthly,53.00%,,780.00%,241.00%,274.00%,291.00%,Oneascent Holdings LLC,1099,B-,,,B,,B+,,$22.88,$22.92,-20.00%,-2.00%,-111.00%,1.00%,490.00%,441.00%,$1.01,$0.08,384.00%,0.23,$23.35,$21.27,"33,648",2026-03-18 18:17:12,0.3,"233,450,784",0
DBND,DoubleLine Opportunistic Core Bond ETF,Bond,"$618,094,000.00",54434,$46.34,FALSE,False,FALSE,FALSE,-8.00%,26.00%,-6.00%,722.00%,556.00%,,$0.00,$9.27,$0.0,$256.25,$556.53,$613.30,Intermediate Term Bond,2022-03-31,50.00%,$2.41,2025-12-23,$0.20,521.00%,Monthly,102.00%,,417.00%,210.00%,250.00%,263.00%,Doubleline ETF Holdings LP,1099,B,,,B,,B+,,$46.06,$46.11,-11.00%,12.00%,-127.00%,11.00%,502.00%,474.00%,$2.19,$0.17,359.00%,0.28,$46.79,$43.02,"115,396",2026-03-18 18:17:13,0.28,"678,079,872",0
LQIG,State Street SPDR MarketAxess Investment Grade 400 Corporate Bond ETF,Bond,"$19,200,300.00",1635,$95.64,FALSE,False,FALSE,FALSE,-42.00%,-29.00%,-8.00%,752.00%,612.00%,,$0.00,$0.00,$0.0,-$28.93,-$6.97,-$80.22,Miscellaneous,2022-05-11,9.00%,$4.90,2025-12-18,$0.40,512.00%,Monthly,257.00%,,1674.00%,350.00%,437.00%,452.00%,State Street,1099,C+,,,C,,B+,,$94.89,$94.89,0.00%,-3.00%,-180.00%,-15.00%,502.00%,507.00%,$4.81,$0.39,614.00%,0.17,$96.82,$87.00,"1,207",2026-03-18 18:17:13,0.46,"29,095,072",0
MNBD,ALPS Intermediate Municipal Bond ETF,Bond,"$43,416,100.00",3733,$25.97,FALSE,False,FALSE,FALSE,10.00%,42.00%,0.00%,501.00%,454.00%,,$0.00,$0.65,$0.0,$7.63,$11.47,$22.34,Miscellaneous,2022-05-19,50.00%,$0.86,2025-12-18,$0.09,332.00%,Monthly,47.00%,,438.00%,212.00%,187.00%,223.00%,SS&C,1099,C,,C+,B+,B-,A-,,$26.10,$26.10,-2.00%,104.00%,-83.00%,126.00%,557.00%,331.00%,$0.86,$0.06,341.00%,0.46,$26.46,$23.81,"13,612",2026-03-18 18:17:14,0.25,"50,749,192",0
PFRL,PGIM Floating Rate Income ETF,Bond,"$102,816,000.00",15930,$49.64,FALSE,False,FALSE,FALSE,-10.00%,91.00%,-7.00%,600.00%,973.00%,,$2.50,$2.50,$0.0,$9.36,$52.54,$78.48,Intermediate Term Bond,2022-05-17,72.00%,$3.65,2025-12-30,$0.42,735.00%,Monthly,108.00%,,236.00%,189.00%,175.00%,168.00%,Prudential,1099,C+,,,A,,A,,$48.91,$48.92,-3.00%,-54.00%,-75.00%,-11.00%,536.00%,729.00%,$3.56,$0.23,854.00%,0.16,$49.42,$42.33,"11,743",2026-03-18 18:17:15,0.18,"109,377,976",0
XB,BondBloxx B-Rated USD High Yield Corporate Bond ETF,Bond,"$31,579,000.00",6183,$39.45,FALSE,False,FALSE,FALSE,5.00%,73.00%,-5.00%,760.00%,933.00%,,$0.00,-$3.95,$0.0,$13.87,$19.71,$31.68,Miscellaneous,2022-05-26,30.00%,$2.75,2025-12-30,$0.25,697.00%,Monthly,95.00%,,1126.00%,193.00%,282.00%,331.00%,Bondbloxx Investment Management Corp.,1099,C,,,B,,A-,,$38.89,$39.01,-32.00%,-31.00%,-93.00%,0.00%,648.00%,720.00%,$2.80,$0.21,543.00%,0.46,$39.60,$34.61,"4,116",2026-03-18 18:17:16,0.47,"32,484,302",0
XBB,BondBloxx BB-Rated USD High Yield Corporate Bond ETF,Bond,"$408,435,000.00",220964,$41.22,FALSE,False,FALSE,FALSE,11.00%,65.00%,18.00%,855.00%,860.00%,,$0.00,-$5.13,$0.0,$338.44,$358.45,$402.54,Miscellaneous,2022-05-26,20.00%,$2.23,2025-12-30,$0.20,541.00%,Monthly,104.00%,,1048.00%,273.00%,404.00%,401.00%,Bondbloxx Investment Management Corp.,1099,C+,,,B+,,C+,,$40.70,$40.77,-16.00%,-42.00%,-116.00%,2.00%,628.00%,537.00%,$2.18,$0.16,483.00%,0.47,$41.45,$36.32,"158,296",2026-03-18 18:17:17,0.44,"394,670,048",0
XCCC,BondBloxx CCC-Rated USD High Yield Corporate Bond ETF,Bond,"$286,909,000.00",402458,$38.03,FALSE,False,FALSE,FALSE,11.00%,111.00%,3.00%,697.00%,1307.00%,,$7.60,$7.60,$0.0,$173.41,$284.81,$292.84,Miscellaneous,2022-05-26,40.00%,$3.83,2025-12-30,$0.37,1006.00%,Monthly,130.00%,,2832.00%,263.00%,437.00%,493.00%,Bondbloxx Investment Management Corp.,1099,B+,,,C,,A,,$36.55,$36.60,-13.00%,-257.00%,-193.00%,-218.00%,581.00%,1019.00%,$3.72,$0.27,952.00%,0.19,$37.91,$31.05,"323,595",2026-03-18 18:17:18,0.52,"294,967,904",0
LONZ,PIMCO Senior Loan Active Exchange-Traded Fund,Bond,"$486,185,000.00",141631,$50.30,FALSE,False,FALSE,FALSE,-75.00%,11.00%,4.00%,513.00%,912.00%,,$0.00,-$6.09,$0.0,-$352.57,$335.10,$397.41,Miscellaneous,2022-06-08,52.00%,$3.32,2025-12-30,$0.13,660.00%,Monthly,105.00%,,390.00%,283.00%,214.00%,177.00%,Allianz Investment Management LLC,1099,B,,,A-,,A,,$49.44,$49.43,3.00%,-18.00%,-28.00%,-54.00%,569.00%,726.00%,$3.59,$0.38,395.00%,0.43,$49.92,$44.67,"158,613",2026-03-18 18:17:18,0.15,"470,076,896",0
JCPI,JPMorgan Inflation Managed Bond ETF,Bond,"$809,869,000.00",52409,$48.16,FALSE,False,FALSE,FALSE,-22.00%,-6.00%,-6.00%,745.00%,558.00%,,$0.00,$0.00,$0.0,$120.62,-$64.55,-$270.81,Miscellaneous,2022-04-08,25.00%,$1.89,2025-12-31,$0.15,393.00%,Monthly,110.00%,,1111.00%,218.00%,248.00%,270.00%,JP Morgan,1099,B-,,,B,,C,,$48.64,$48.56,16.00%,130.00%,14.00%,106.00%,591.00%,356.00%,$1.73,$0.11,369.00%,0.52,$50.35,$45.14,"36,425",2026-03-18 18:17:19,0.27,"795,788,608",0
MBNE,State Street Nuveen Municipal Bond ESG ETF,Bond,"$13,181,600.00",2378,$29.05,FALSE,False,FALSE,FALSE,14.00%,-16.00%,2.00%,229.00%,316.00%,,$0.00,$0.00,$0.0,-$26.29,-$21.90,$10.93,Miscellaneous,2022-04-04,43.00%,$1.06,2025-12-18,$0.09,364.00%,Monthly,45.00%,,3603.00%,228.00%,239.00%,254.00%,State Street,1099,C,,,B-,,A-,,$29.26,$29.24,8.00%,122.00%,-26.00%,118.00%,339.00%,354.00%,$1.04,$0.08,495.00%,-0.12,$30.16,$25.19,"2,593",2026-03-18 18:17:20,0.27,"8,928,953",0
CLOI,VanEck CLO ETF,Bond,"$1,324,290,000.00",219130,$52.84,FALSE,False,FALSE,TRUE,16.00%,63.00%,6.00%,588.00%,769.00%,,$5.28,$68.72,$0.0,$534.11,"$1,295.84","$1,320.84",Miscellaneous,2022-06-21,36.00%,$2.96,2025-12-29,$0.27,561.00%,Monthly,89.00%,,64.00%,72.00%,97.00%,102.00%,VanEck,1099,B,,,A-,,A,,$52.56,$52.56,0.00%,29.00%,-27.00%,66.00%,491.00%,555.00%,$2.92,$0.20,419.00%,0.22,$52.78,$47.66,"227,293",2026-03-18 18:17:21,0.02,"1,372,040,704",0
AGRH,iShares Interest Rate Hedged U.S. Aggregate Bond ETF,Bond,"$5,237,500.00",698,$26.19,FALSE,False,FALSE,FALSE,9.00%,76.00%,2.00%,606.00%,611.00%,,$0.00,$0.00,$0.0,$0.53,$3.09,$3.11,Intermediate Term Bond,2022-06-22,13.00%,$1.21,2025-12-23,$0.10,463.00%,Monthly,45.00%,,220.00%,65.00%,82.00%,136.00%,"BlackRock, Inc.",1099,C,,,A-,,B+,,$26.09,$26.09,0.00%,24.00%,-20.00%,57.00%,512.00%,465.00%,$1.21,$0.08,186.00%,0.6,$26.24,$24.32,596,2026-03-18 18:17:22,0.08,"5,240,041",0
CPII,American Beacon Ionic Inflation Protection ETF,Bond,"$10,400,500.00",466,$18.87,FALSE,False,FALSE,FALSE,-13.00%,-31.00%,-8.00%,122.00%,303.00%,,$0.00,$0.00,$0.0,-$1.45,$1.06,$11.05,Miscellaneous,2022-06-29,70.00%,$0.54,2025-12-31,$0.05,286.00%,Annually,10.00%,,547.00%,236.00%,194.00%,226.00%,"Resolute Investment Managers, Inc.",1099,C,,B+,B-,B,A,,$19.18,$19.18,0.00%,168.00%,157.00%,173.00%,325.00%,405.00%,$0.78,$0.01,363.00%,-0.21,$19.23,$18.50,393,2026-03-18 18:17:22,-0.07,"10,389,460",0
IBDX,iShares iBonds Dec 2032 Term Corporate ETF,Bond,"$1,511,870,000.00",346462,$25.52,FALSE,False,FALSE,FALSE,-20.00%,28.00%,-4.00%,890.00%,688.00%,,$12.78,$146.77,$0.0,$554.77,"$1,426.44","$1,455.82",Miscellaneous,2022-06-28,10.00%,$1.23,2025-12-19,$0.10,481.00%,Monthly,73.00%,,550.00%,279.00%,304.00%,328.00%,"BlackRock, Inc.",1099,B+,,,B-,,B+,,$25.36,$25.39,-10.00%,15.00%,-109.00%,13.00%,701.00%,482.00%,$1.22,$0.10,479.00%,0.63,$26.15,$23.01,"322,418",2026-03-18 18:17:23,0.45,"1,630,414,848",0
XEMD,BondBloxx JP Morgan USD Emerging Markets 1-10 Year Bond ETF,Bond,"$739,527,000.00",139980,$44.47,FALSE,False,FALSE,FALSE,-26.00%,32.00%,-25.00%,1308.00%,1089.00%,,$0.00,$62.34,$0.0,$428.38,$524.96,$678.06,Miscellaneous,2022-06-30,29.00%,$2.74,2025-12-30,$0.21,617.00%,Monthly,165.00%,,2188.00%,303.00%,361.00%,407.00%,Bondbloxx Investment Management Corp.,1099,C,A-,,,,,,$44.31,$44.39,-19.00%,54.00%,-189.00%,46.00%,1126.00%,606.00%,$2.69,$0.19,547.00%,1.33,$45.22,$38.29,"163,644",2026-03-18 18:17:24,0.35,"874,764,416",0
IRVH,Global X Interest Rate Volatility & Inflation Hedge ETF,Bond,"$1,433,800.00",516,$20.43,FALSE,False,FALSE,FALSE,42.00%,-6.00%,-17.00%,754.00%,81.00%,,$0.00,$0.00,$0.0,-$0.84,-$1.20,$2.04,Miscellaneous,2022-07-05,45.00%,$1.00,2025-12-30,$0.35,490.00%,Monthly,51.00%,,2239.00%,283.00%,358.00%,432.00%,"Mirae Asset Global Investments Co., Ltd.",1099,C,,,C+,,B,,$20.18,$20.16,12.00%,-76.00%,-122.00%,-81.00%,433.00%,515.00%,$1.04,$0.05,627.00%,0.05,$20.89,$19.26,610,2026-03-18 18:17:25,0.22,"1,431,688",0
IBTM,iShares iBonds Dec 2032 Term Treasury ETF,Bond,"$496,180,000.00",126655,$23.07,FALSE,False,FALSE,FALSE,-28.00%,-12.00%,-4.00%,793.00%,373.00%,,$1.16,$17.29,$0.0,$235.69,$475.25,$489.30,Miscellaneous,2022-07-06,7.00%,$0.89,2025-12-19,$0.08,387.00%,Monthly,56.00%,,899.00%,276.00%,325.00%,345.00%,"BlackRock, Inc.",1099,B,,B-,B-,B-,C+,,$23.05,$23.08,-11.00%,55.00%,-67.00%,27.00%,558.00%,390.00%,$0.90,$0.07,470.00%,0.34,$23.39,$21.17,"112,432",2026-03-18 18:17:26,0.32,"534,273,440",0
SIO,Touchstone Strategic Income ETF,Bond,"$229,038,000.00",17458,$25.94,FALSE,False,FALSE,FALSE,-107.00%,43.00%,-4.00%,915.00%,783.00%,,$0.00,$3.89,$0.0,$50.59,$124.38,$150.56,Intermediate Term Bond,2022-07-21,50.00%,$1.76,2025-12-30,$0.13,680.00%,Monthly,71.00%,,857.00%,548.00%,464.00%,457.00%,Western & Southern Mutual Holding Co.,1099,C+,,,C+,,A,,$25.88,$25.89,-4.00%,51.00%,-93.00%,71.00%,750.00%,686.00%,$1.78,$0.10,460.00%,0.76,$26.37,$23.61,"23,822",2026-03-18 18:17:27,0.31,"244,542,240",0
TUSI,Touchstone Ultra Short Income ETF,Bond,"$297,494,000.00",101870,$25.33,FALSE,False,FALSE,FALSE,-35.00%,-4.00%,-2.00%,4.00%,61.00%,,$1.27,$13.96,$0.0,$197.71,$245.67,$259.42,Intermediate Term Bond,2022-08-04,25.00%,,,,,Monthly,4.00%,,321.00%,154.00%,182.00%,175.00%,Western & Southern Mutual Holding Co.,1099,B+,,C,A,,,,$25.38,$25.38,0.00%,83.00%,16.00%,103.00%,473.00%,472.00%,$1.20,$0.09,105.00%,0.7,$25.41,$23.96,"162,749",2026-03-18 18:17:27,0.17,"357,425,376",0
UTWO,US Treasury 2 Year Note ETF,Bond,"$393,451,000.00",55620,$48.58,FALSE,False,FALSE,FALSE,7.00%,43.00%,3.00%,485.00%,399.00%,,-$0.98,$5.34,$0.0,-$54.58,$207.89,$395.28,Miscellaneous,2022-08-09,15.00%,$1.76,2025-12-30,$0.13,363.00%,Monthly,65.00%,,222.00%,77.00%,95.00%,105.00%,1251 Capital Group Inc.,1099,B-,,C+,B+,B-,C+,,$48.41,$48.44,-5.00%,21.00%,-27.00%,33.00%,387.00%,354.00%,$1.71,$0.14,147.00%,-0.09,$48.65,$46.57,"71,865",2026-03-18 18:17:28,0.04,"411,852,864",0
TBIL,US Treasury 3 Month Bill ETF,Bond,"$6,306,670,000.00",1931613,$49.90,FALSE,False,FALSE,FALSE,8.00%,39.00%,4.00%,422.00%,483.00%,,$3.00,-$11.08,$0.0,"$1,578.89","$6,098.26","$6,306.66",Miscellaneous,2022-08-09,15.00%,$2.03,2025-12-30,$0.15,406.00%,Monthly,59.00%,,6.00%,20.00%,24.00%,27.00%,F/m Investments,1099,A-,,B-,A,A-,B+,,$49.94,$49.94,0.00%,69.00%,28.00%,84.00%,406.00%,398.00%,$1.99,$0.15,28.00%,0.21,$49.94,$47.98,"2,453,244",2026-03-18 18:17:29,0.08,"6,397,268,992",0
UTEN,US Treasury 10 Year Note ETF,Bond,"$246,226,000.00",47847,$44.00,FALSE,False,FALSE,FALSE,-39.00%,-41.00%,-11.00%,772.00%,299.00%,,-$4.89,-$4.00,$0.0,$92.75,$232.21,$244.61,Miscellaneous,2022-08-09,15.00%,$1.81,2025-12-30,$0.15,411.00%,Monthly,109.00%,,1363.00%,357.00%,411.00%,443.00%,F/m Investments,1099,C+,,C,C+,C,B,,$44.01,$44.06,-10.00%,67.00%,-96.00%,25.00%,516.00%,408.00%,$1.79,$0.15,576.00%,0.2,$44.87,$41.02,"71,355",2026-03-18 18:17:30,0.33,"286,433,760",0
HYGW,iShares High Yield Corporate Bond BuyWrite Strategy ETF,Bond,"$255,230,000.00",49086,$29.87,FALSE,False,TRUE,FALSE,20.00%,80.00%,3.00%,616.00%,684.00%,,$1.49,$5.23,$0.0,$64.36,$263.01,$275.18,Miscellaneous,2022-08-18,69.00%,$3.74,2025-12-23,$0.24,1252.00%,Monthly,55.00%,,250.00%,244.00%,234.00%,269.00%,"BlackRock, Inc.",1099,B,,,A,,A+,,$29.50,$29.51,-4.00%,12.00%,-74.00%,48.00%,587.00%,1224.00%,$3.61,$0.19,418.00%,0.45,$29.78,$26.63,"49,267",2026-03-18 18:17:31,0.22,"181,462,464",0
LQDW,iShares Investment Grade Corporate Bond BuyWrite Strategy ETF,Bond,"$275,555,000.00",,,FALSE,False,TRUE,FALSE,,,,,,,-$1.85,-$12.29,$0.0,$119.57,$321.30,$333.60,Miscellaneous,2022-08-18,34.00%,,,,,Monthly,,,,,,,"BlackRock, Inc.",1099,,,,,,,,$24.17,$24.18,-4.00%,-9.00%,-152.00%,-11.00%,618.00%,1498.00%,$3.62,$0.16,419.00%,0.52,$24.63,$21.86,"63,219",2026-03-18 18:17:31,,"272,303,360",0
TLTW,iShares 20+ Year Treasury Bond BuyWrite Strategy ETF,Bond,"$1,659,540,000.00",1223497,$22.65,FALSE,False,TRUE,FALSE,-59.00%,-116.00%,-9.00%,1092.00%,311.00%,,-$10.83,$5.17,$0.0,$732.55,"$1,959.79","$1,990.24",Miscellaneous,2022-08-18,35.00%,$3.36,2025-12-23,$0.19,1483.00%,Monthly,89.00%,,569.00%,620.00%,667.00%,691.00%,"BlackRock, Inc.",1099,B+,,C+,C+,B,A+,,$22.71,$22.72,-4.00%,193.00%,-163.00%,112.00%,794.00%,1361.00%,$3.09,$0.20,866.00%,0.45,$23.34,$19.82,"1,857,585",2026-03-18 18:17:32,0.54,"1,820,016,000",0
CSHI,NEOS Enhanced Income 1-3 Month T-Bill ETF,Bond,"$805,746,000.00",237266,$49.72,FALSE,False,FALSE,FALSE,7.00%,41.00%,-3.00%,497.00%,544.00%,,$8.95,$58.24,$0.0,$310.38,$803.62,$808.62,Miscellaneous,2022-08-30,39.00%,$2.54,2025-12-24,$0.20,512.00%,Monthly,73.00%,,32.00%,60.00%,84.00%,89.00%,Neos Investments LLC,1099,B,,,A-,,A,,$49.65,$49.66,-2.00%,107.00%,51.00%,121.00%,524.00%,542.00%,$2.69,$0.19,200.00%,0.62,$49.69,$45.83,"319,233",2026-03-18 18:17:33,0.02,"936,573,760",0
BNDI,NEOS Enhanced Income Aggregate Bond ETF,Bond,"$131,487,000.00",18105,$47.55,FALSE,False,FALSE,FALSE,-21.00%,21.00%,-2.00%,793.00%,533.00%,,$1.43,$9.05,$0.0,$66.12,$130.56,$131.56,Intermediate Term Bond,2022-08-30,58.00%,$2.71,2025-12-24,$0.23,570.00%,Monthly,122.00%,,507.00%,276.00%,311.00%,335.00%,Neos Investments LLC,1099,C+,,,C+,,A,,$47.27,$47.34,-15.00%,86.00%,-80.00%,76.00%,681.00%,621.00%,$2.94,$0.23,464.00%,0.61,$47.90,$42.43,"27,444",2026-03-18 18:17:34,0.32,"158,594,992",0
BSCW,Invesco BulletShares 2032 Corporate Bond ETF,Bond,"$1,280,060,000.00",312531,$20.88,FALSE,False,TRUE,FALSE,-19.00%,31.00%,0.00%,894.00%,679.00%,,$12.54,$90.75,$0.0,$534.72,"$1,226.90","$1,239.10",Miscellaneous,2022-09-08,10.00%,$1.09,2025-12-22,$0.08,522.00%,Monthly,59.00%,,490.00%,296.00%,315.00%,328.00%,Invesco,1099,B,,,B-,,B+,,$20.73,$20.75,-10.00%,6.00%,-117.00%,10.00%,687.00%,483.00%,$1.00,$0.08,451.00%,0.64,$21.16,$18.77,"328,678",2026-03-18 18:17:35,0.4,"1,405,792,000",0
BSJU,Invesco BulletShares 2030 High Yield Corporate Bond ETF,Bond,"$216,456,000.00",61495,$26.11,FALSE,False,TRUE,FALSE,-4.00%,76.00%,2.00%,834.00%,988.00%,,$7.81,$31.29,$0.0,$121.53,$208.08,$208.08,Miscellaneous,2022-09-08,42.00%,$1.88,2025-12-22,$0.13,720.00%,Monthly,68.00%,,2213.00%,233.00%,316.00%,354.00%,Invesco,1099,B,,,C+,,B,,$25.79,$25.83,-17.00%,-20.00%,-85.00%,20.00%,734.00%,657.00%,$1.69,$0.14,550.00%,0.61,$26.15,$22.68,"53,501",2026-03-18 18:17:35,0.42,"246,741,792",0
TAFI,AB Tax-Aware Short Duration Municipal ETF,Bond,"$1,065,280,000.00",273455,$25.22,FALSE,False,FALSE,FALSE,14.00%,41.00%,4.00%,425.00%,365.00%,,$6.32,$25.25,$0.0,$408.78,$951.06,"$1,030.81",Miscellaneous,2022-09-14,27.00%,$0.81,2025-12-31,$0.08,321.00%,Monthly,34.00%,,419.00%,72.00%,114.00%,147.00%,AllianceBernstein Holding,1099,A-,,,A-,,B,,$25.30,$25.31,-6.00%,79.00%,-28.00%,98.00%,414.00%,319.00%,$0.81,$0.06,203.00%,0.07,$25.46,$23.84,"328,909",2026-03-18 18:17:36,0.11,"1,166,871,808",0
YEAR,AB Ultra Short Income ETF,Bond,"$1,452,180,000.00",230325,$50.50,FALSE,False,FALSE,FALSE,5.00%,38.00%,3.00%,468.00%,533.00%,,-$40.53,$12.62,$0.0,$268.76,"$1,251.91","$1,286.88",Miscellaneous,2022-09-14,25.00%,$2.19,2025-12-31,$0.20,433.00%,Monthly,67.00%,,69.00%,50.00%,64.00%,71.00%,AllianceBernstein Holding,1099,A-,,,A,,C,,$50.44,$50.43,1.00%,55.00%,6.00%,70.00%,416.00%,427.00%,$2.16,$0.17,86.00%,0.19,$50.49,$48.40,"180,916",2026-03-18 18:17:37,0.01,"1,465,046,400",0
XFIV,BondBloxx Bloomberg Five Year Target Duration US Treasury ETF,Bond,"$419,007,000.00",87058,$49.47,FALSE,False,FALSE,FALSE,-16.00%,0.00%,-3.00%,744.00%,441.00%,,$4.96,$58.05,$0.0,$269.39,$394.13,$413.99,Miscellaneous,2022-09-13,5.00%,$2.00,2025-12-30,$0.15,405.00%,Monthly,112.00%,,1108.00%,243.00%,282.00%,294.00%,Bondbloxx Investment Management Corp.,1099,C+,,,B,,B,,$49.40,$49.46,-12.00%,48.00%,-58.00%,26.00%,549.00%,393.00%,$1.94,$0.14,384.00%,0.39,$50.05,$46.56,"60,618",2026-03-18 18:17:38,0.17,"440,905,952",0
XHLF,BondBloxx Bloomberg Six Month Target Duration US Treasury ETF,Bond,"$1,993,820,000.00",508650,$50.28,FALSE,False,FALSE,FALSE,8.00%,39.00%,6.00%,427.00%,474.00%,,-$4.52,$42.30,$0.0,"$1,058.65","$1,891.59","$1,990.20",Miscellaneous,2022-09-13,3.00%,$2.00,2025-12-30,$0.16,398.00%,Monthly,60.00%,,54.00%,31.00%,30.00%,31.00%,Bondbloxx Investment Management Corp.,1099,B,,,A-,,B+,,$50.28,$50.27,1.00%,60.00%,23.00%,78.00%,403.00%,393.00%,$1.97,$0.14,33.00%,0.1,$50.28,$48.33,"328,374",2026-03-18 18:17:38,0.08,"1,910,152,320",0
XSVN,BondBloxx Bloomberg Seven Year Target Duration US Treasury ETF,Bond,"$276,165,000.00",54045,$48.01,FALSE,False,FALSE,FALSE,-32.00%,-27.00%,-6.00%,801.00%,383.00%,,$0.00,$89.65,$0.0,$153.50,$249.97,$270.76,Miscellaneous,2022-09-13,5.00%,$1.95,2025-12-30,$0.14,406.00%,Monthly,120.00%,,1145.00%,306.00%,373.00%,390.00%,Bondbloxx Investment Management Corp.,1099,C+,,,B-,,B,,$48.03,$48.08,-10.00%,66.00%,-78.00%,29.00%,556.00%,405.00%,$1.94,$0.15,508.00%,0.31,$48.83,$44.78,"36,341",2026-03-18 18:17:39,0.26,"315,191,360",0
XTEN,BondBloxx Bloomberg Ten Year Target Duration US Treasury ETF,Bond,"$863,485,000.00",143031,$46.18,FALSE,False,FALSE,FALSE,-42.00%,-48.00%,-9.00%,715.00%,296.00%,,$0.00,$100.20,$0.0,$610.97,$833.11,$853.36,Miscellaneous,2022-09-13,8.00%,$1.87,2025-12-30,$0.16,405.00%,Monthly,114.00%,,1151.00%,405.00%,490.00%,547.00%,Bondbloxx Investment Management Corp.,1099,B-,,,C+,,B-,,$46.21,$46.23,-5.00%,74.00%,-148.00%,34.00%,413.00%,419.00%,$1.94,$0.15,698.00%,0.02,$47.34,$42.85,"162,322",2026-03-18 18:17:40,0.39,"971,230,080",0
XTRE,BondBloxx Bloomberg Three Year Target Duration US Treasury ETF,Bond,"$206,695,000.00",22886,$49.76,FALSE,False,FALSE,FALSE,-3.00%,27.00%,-1.00%,609.00%,450.00%,,$0.00,$1.00,$0.0,$114.12,$184.18,$204.08,Miscellaneous,2022-09-13,5.00%,$1.92,2025-12-30,$0.16,385.00%,Monthly,87.00%,,383.00%,149.00%,168.00%,174.00%,Bondbloxx Investment Management Corp.,1099,C+,,,B+,,B-,,$49.62,$49.65,-7.00%,34.00%,-37.00%,33.00%,473.00%,388.00%,$1.93,$0.14,235.00%,0.31,$50.01,$47.32,"39,294",2026-03-18 18:17:41,0.08,"231,072,400",0
XTWO,BondBloxx Bloomberg Two Year Target Duration US Treasury ETF,Bond,"$167,744,000.00",18623,$49.47,FALSE,False,FALSE,FALSE,6.00%,37.00%,0.00%,518.00%,445.00%,,$0.00,$10.88,$0.0,$14.98,$130.34,$166.73,Miscellaneous,2022-09-13,5.00%,$2.10,2025-12-30,$0.16,424.00%,Monthly,72.00%,,245.00%,94.00%,100.00%,108.00%,Bondbloxx Investment Management Corp.,1099,C+,,,B+,,A-,,$49.32,$49.35,-5.00%,32.00%,-20.00%,43.00%,426.00%,409.00%,$2.02,$0.14,152.00%,0.17,$49.55,$47.27,"34,410",2026-03-18 18:17:42,0.03,"189,749,888",0
XTWY,BondBloxx Bloomberg Twenty Year Target Duration US Treasury ETF,Bond,"$212,732,000.00",62822,$37.80,FALSE,False,FALSE,FALSE,-88.00%,-198.00%,-11.00%,245.00%,-190.00%,,$1.92,$127.87,$0.0,$161.11,$202.27,$223.21,Miscellaneous,2022-09-13,13.00%,$1.73,2025-12-30,$0.11,456.00%,Monthly,108.00%,,2392.00%,787.00%,923.00%,1085.00%,Bondbloxx Investment Management Corp.,1099,C+,,,C,,A-,,$37.97,$37.97,0.00%,123.00%,-281.00%,7.00%,-100.00%,459.00%,$1.74,$0.14,1351.00%,-0.37,$40.01,$34.71,"31,587",2026-03-18 18:17:43,0.75,"206,558,144",0
XONE,BondBloxx Bloomberg One Year Target Duration US Treasury ETF,Bond,"$675,060,000.00",75838,$49.55,FALSE,False,FALSE,FALSE,8.00%,44.00%,3.00%,444.00%,467.00%,,$0.99,$0.50,$0.0,$156.49,$633.97,$678.41,Miscellaneous,2022-09-13,3.00%,$2.15,2025-12-30,$0.16,433.00%,Monthly,61.00%,,44.00%,23.00%,39.00%,50.00%,Bondbloxx Investment Management Corp.,1099,B,,,A-,,A-,,$49.49,$49.49,-1.00%,50.00%,11.00%,66.00%,401.00%,420.00%,$2.08,$0.14,59.00%,0.02,$49.50,$47.56,"104,352",2026-03-18 18:17:43,0.08,"753,421,440",0
SDSI,American Century Short Duration Strategic Income ETF,Bond,"$157,206,000.00",20652,$51.60,FALSE,False,FALSE,FALSE,5.00%,60.00%,4.00%,654.00%,603.00%,,$0.00,$25.73,$0.0,$85.08,$125.82,$135.91,Intermediate Term Bond,2022-10-11,32.00%,$2.53,2025-12-16,$0.26,491.00%,Monthly,96.00%,,234.00%,112.00%,139.00%,141.00%,American Century Investments,1099,C+,,,A-,,A-,,$51.31,$51.33,-3.00%,25.00%,-56.00%,47.00%,545.00%,494.00%,$2.53,$0.20,239.00%,0.61,$51.84,$44.91,"20,776",2026-03-18 18:17:44,0.08,"176,133,856",0
CGMU,Capital Group Municipal Income ETF,Bond,"$4,797,210,000.00",746958,$27.40,FALSE,False,FALSE,FALSE,22.00%,49.00%,7.00%,492.00%,479.00%,,$65.56,$231.30,$0.0,"$2,056.37","$4,647.94","$4,690.30",Miscellaneous,2022-10-25,27.00%,$0.84,2025-12-24,$0.09,307.00%,Monthly,51.00%,,245.00%,136.00%,175.00%,215.00%,The Capital Group Companies,1099,A,,C,C,B-,B+,,$27.52,$27.51,5.00%,100.00%,-84.00%,129.00%,550.00%,334.00%,$0.92,$0.08,319.00%,0.47,$27.87,$25.04,"1,193,837",2026-03-18 18:17:45,0.3,"5,421,453,824",0
OBIL,US Treasury 12 Month Bill ETF,Bond,"$296,105,000.00",40097,$50.22,FALSE,False,FALSE,FALSE,8.00%,44.00%,5.00%,434.00%,462.00%,,-$1.51,-$6.03,$0.0,$26.54,$282.97,$294.99,Miscellaneous,2022-11-15,15.00%,$1.92,2025-12-30,$0.15,383.00%,Monthly,60.00%,,50.00%,32.00%,44.00%,50.00%,F/m Investments,1099,C+,,C+,A-,B-,B-,,$50.16,$50.17,-3.00%,47.00%,10.00%,67.00%,392.00%,375.00%,$1.88,$0.15,56.00%,-0.15,$50.18,$48.27,"50,657",2026-03-18 18:17:45,0.01,"304,475,360",0
DFSB,Dimensional Global Sustainability Fixed Income ETF,Bond,"$598,396,000.00",36745,$51.73,FALSE,False,FALSE,FALSE,-39.00%,-32.00%,-14.00%,505.00%,559.00%,,$0.00,$10.38,$0.0,$177.87,$518.35,$591.54,Intermediate Term Bond,2022-11-15,24.00%,$1.79,2025-12-16,$0.63,347.00%,Monthly,99.00%,,934.00%,261.00%,269.00%,295.00%,Dimensional,1099,B-,,,B,,C,,$51.88,$51.92,-9.00%,29.00%,-135.00%,10.00%,429.00%,340.00%,$1.77,$0.63,393.00%,0.07,$52.85,$48.55,"38,777",2026-03-18 18:17:46,0.33,"640,667,392",0
HIYS,Invesco High Yield Select ETF,Bond,"$7,952,800.00",1327,$25.67,FALSE,False,FALSE,FALSE,12.00%,57.00%,5.00%,774.00%,857.00%,,$0.00,$0.00,$0.0,-$2.28,-$2.28,-$2.28,Miscellaneous,2022-12-09,48.00%,$1.83,2025-12-22,$0.22,711.00%,Monthly,64.00%,,219.00%,235.00%,275.00%,286.00%,Invesco,1099,C,,,A-,,B-,,$25.40,$25.40,0.00%,-17.00%,-109.00%,40.00%,700.00%,654.00%,$1.66,$0.12,407.00%,0.74,$25.74,$22.79,801,2026-03-18 18:17:47,0.3,"7,933,565",0
ICLO,Invesco AAA CLO Floating Rate Note ETF,Bond,"$426,551,000.00",111905,$25.56,FALSE,False,FALSE,FALSE,31.00%,33.00%,4.00%,526.00%,709.00%,,$0.00,$37.06,$0.0,$159.13,$397.44,$397.44,Miscellaneous,2022-12-09,19.00%,$1.53,2025-12-22,$0.10,597.00%,Monthly,42.00%,,439.00%,118.00%,107.00%,138.00%,Invesco,1099,A-,,C+,,B-,A-,,$25.53,$25.56,-8.00%,72.00%,0.00%,89.00%,520.00%,538.00%,$1.38,$0.10,414.00%,0.29,$25.59,$22.65,"204,417",2026-03-18 18:17:48,0.04,"417,672,704",0
BOXX,Alpha Architect 1-3 Month Box ETF,Bond,"$9,321,390,000.00",1393273,$115.13,FALSE,False,FALSE,FALSE,9.00%,44.00%,3.00%,435.00%,477.00%,,-$58.68,-$23.02,$0.0,"$4,505.98","$8,850.53","$8,867.54",Miscellaneous,2022-12-28,19.00%,$0.00,,,0.00%,Annually,135.00%,,0.00%,30.00%,31.00%,29.00%,ETF Architect,1099,B+,,B-,A,B,C,,$116.02,$116.00,1.00%,77.00%,25.00%,102.00%,421.00%,0.00%,$0.00,$0.29,31.00%,0.69,$116.03,$111.30,"1,838,114",2026-03-18 18:17:48,0.02,"10,176,678,912",0
CLOA,iShares AAA CLO Active ETF,Bond,"$1,376,690,000.00",397788,$51.77,FALSE,False,FALSE,FALSE,13.00%,54.00%,5.00%,548.00%,,,$0.00,-$56.91,$0.0,$725.78,"$1,355.72","$1,355.72",Miscellaneous,2023-01-10,20.00%,$2.77,2025-12-19,$0.23,535.00%,Monthly,82.00%,,156.00%,42.00%,53.00%,70.00%,"BlackRock, Inc.",1099,B+,,,A,,A,,$51.76,$51.74,2.00%,74.00%,14.00%,105.00%,539.00%,522.00%,$2.70,$0.19,165.00%,0.84,$51.79,$48.27,"454,809",2026-03-18 18:17:49,0.04,"1,583,225,600",0
CLOZ,Eldridge BBB-B CLO ETF,Bond,"$761,124,000.00",490612,$26.50,FALSE,False,FALSE,FALSE,27.00%,79.00%,8.00%,598.00%,,,$0.00,$0.00,$0.0,$196.62,$767.18,$767.18,Miscellaneous,2023-01-24,50.00%,$2.02,2025-12-29,$0.16,763.00%,Monthly,57.00%,,142.00%,127.00%,121.00%,187.00%,Eldridge Industries LLC,1099,B+,,B,B,A,A,,$25.57,$25.50,25.00%,-231.00%,-274.00%,-193.00%,369.00%,800.00%,$2.05,$0.17,543.00%,-0.06,$26.52,$23.40,"813,107",2026-03-18 18:17:50,0.1,"653,030,656",0
BBAG,JPMorgan BetaBuilders U.S. Aggregate Bond ETF,Bond,"$1,167,580,000.00",125442,$46.38,FALSE,False,FALSE,FALSE,-23.00%,9.00%,-9.00%,710.00%,421.00%,-70.00%,$3.50,-$136.03,$0.0,-$346.70,$30.27,$528.44,Intermediate Term Bond,2018-12-12,3.00%,$1.99,2025-12-31,$0.19,429.00%,Monthly,104.00%,,571.00%,269.00%,318.00%,332.00%,JP Morgan,1099,B,,C+,B-,C,C+,,$46.26,$46.36,-20.00%,43.00%,-94.00%,31.00%,523.00%,431.00%,$2.00,$0.16,430.00%,0.29,$47.02,$42.77,"61,741",2026-03-18 18:17:51,0.25,"1,156,905,472",0
BBCB,JPMorgan BetaBuilders USD Investment Grade Corporate Bond ETF,Bond,"$40,328,800.00",2037,$45.78,FALSE,False,FALSE,FALSE,-32.00%,1.00%,-7.00%,756.00%,596.00%,-40.00%,$0.00,$1.15,$0.0,-$3.37,-$5.39,-$6.63,Miscellaneous,2018-12-12,4.00%,$2.30,2025-12-31,$0.19,502.00%,Monthly,119.00%,,3340.00%,334.00%,353.00%,365.00%,JP Morgan,1099,C,,C+,B-,C+,B+,,$45.38,$45.42,-10.00%,-8.00%,-162.00%,-30.00%,534.00%,505.00%,$2.29,$0.19,521.00%,0.26,$46.21,$41.55,"3,902",2026-03-18 18:17:52,0.37,"44,018,044",0
BBHY,JPMorgan BetaBuilders USD High Yield Corporate Bond ETF,Bond,"$700,200,000.00",93522,$46.51,FALSE,False,FALSE,FALSE,3.00%,77.00%,2.00%,830.00%,942.00%,406.00%,$7.00,$54.56,$0.0,-$198.40,$280.58,$335.53,Miscellaneous,2016-09-14,7.00%,$3.37,2025-12-31,$0.26,724.00%,Monthly,122.00%,,542.00%,213.00%,289.00%,315.00%,JP Morgan,1099,B+,,B-,B,A-,A,,$45.90,$45.94,-9.00%,-14.00%,-83.00%,21.00%,714.00%,736.00%,$3.38,$0.28,552.00%,0.57,$46.42,$40.77,"157,957",2026-03-18 18:17:52,0.4,"629,509,504",0
CVSB,Calvert Ultra-Short Investment Grade ETF,Bond,"$181,217,000.00",18747,$50.75,FALSE,False,FALSE,FALSE,7.00%,59.00%,0.00%,480.00%,,,$0.00,$0.00,$0.0,-$27.88,$141.92,$141.92,Intermediate Term Bond,2023-01-31,24.00%,$2.60,2025-12-23,$0.22,512.00%,Monthly,70.00%,,145.00%,75.00%,85.00%,91.00%,Morgan Stanley,1099,C+,,,A,,A-,,$50.72,$50.72,-2.00%,60.00%,9.00%,89.00%,456.00%,457.00%,$2.32,$0.16,113.00%,0.5,$50.80,$48.22,"13,156",2026-03-18 18:17:53,0.02,"190,137,088",0
XBIL,US Treasury 6 Month Bill ETF,Bond,"$749,340,000.00",127497,$50.08,FALSE,False,FALSE,FALSE,5.00%,38.00%,2.00%,417.00%,,,$0.00,-$9.60,$0.0,$111.52,$747.32,$747.32,Miscellaneous,2023-03-07,15.00%,$2.01,2025-12-30,$0.16,402.00%,Monthly,59.00%,,22.00%,24.00%,28.00%,30.00%,F/m Investments,1099,B,,C+,A,B+,B+,,$50.12,$50.12,0.00%,66.00%,26.00%,79.00%,399.00%,391.00%,$1.96,$0.15,30.00%,-0.05,$50.12,$48.15,"107,931",2026-03-18 18:17:54,0.08,"739,156,736",0
GMUN,Goldman Sachs Access Municipal Bond ETF,Bond,"$10,130,000.00",408,$50.69,FALSE,False,FALSE,FALSE,15.00%,57.00%,13.00%,595.00%,,,$0.00,$0.00,$0.0,$0.00,-$10.04,-$10.04,Miscellaneous,2023-03-07,8.00%,$1.49,2025-12-31,$0.13,294.00%,Monthly,105.00%,,354.00%,84.00%,109.00%,171.00%,Goldman Sachs,1099,C,,,B+,,B-,,$50.63,$50.65,-4.00%,38.00%,-122.00%,71.00%,579.00%,301.00%,$1.53,$0.12,294.00%,0.61,$51.41,$46.85,"3,584",2026-03-18 18:17:55,0.23,"10,275,425",0
VTES,Vanguard Short-Term Tax Exempt Bond ETF,Bond,"$1,602,590,000.00",107986,$101.61,FALSE,False,FALSE,FALSE,16.00%,44.00%,3.00%,411.00%,,,$7.60,$63.42,$0.0,$994.73,"$1,562.55","$1,562.55",Miscellaneous,2023-03-07,6.00%,$2.82,2025-12-24,$0.23,277.00%,Monthly,139.00%,,260.00%,55.00%,101.00%,103.00%,Vanguard,1099,A-,,C+,,B-,B+,,$101.72,$101.72,0.00%,56.00%,-55.00%,82.00%,398.00%,275.00%,$2.80,$0.24,173.00%,-0.01,$102.47,$96.04,"171,516",2026-03-18 18:17:55,0.13,"1,766,200,960",0
UFIV,US Treasury 5 Year Note ETF,Bond,"$29,616,200.00",5563,$49.24,FALSE,False,FALSE,FALSE,-15.00%,3.00%,-4.00%,678.00%,,,$0.00,$0.49,$0.0,-$13.34,$28.82,$28.82,Miscellaneous,2023-03-28,15.00%,$1.80,2025-12-30,$0.14,366.00%,Monthly,101.00%,,420.00%,223.00%,256.00%,265.00%,F/m Investments,1099,C+,,C+,B,C+,C+,,$49.13,$49.19,-13.00%,35.00%,-63.00%,16.00%,489.00%,357.00%,$1.75,$0.15,349.00%,0.25,$49.74,$46.64,"6,875",2026-03-18 18:17:56,0.12,"33,806,156",0
FXED,Sound Enhanced Fixed Income ETF,Bond,"$41,599,800.00",8628,$17.92,FALSE,False,FALSE,FALSE,48.00%,68.00%,4.00%,488.00%,860.00%,361.00%,$0.00,-$2.28,$0.0,$1.83,$17.74,$44.15,Intermediate Term Bond,2020-12-30,251.00%,$1.25,2025-12-30,$0.33,695.00%,,45.00%,,6913.00%,467.00%,536.00%,603.00%,Tidal Financial Group,1099,C+,,B,C,B-,A,,$17.53,$17.58,-28.00%,-129.00%,-217.00%,-96.00%,268.00%,688.00%,$1.21,$0.04,860.00%,-0.15,$18.29,$15.80,"6,746",2026-03-18 18:17:57,0.57,"41,206,256",0
BBIB,JPMorgan BetaBuilders U.S. Treasury Bond 3-10 Year ETF,Bond,"$24,468,100.00",619,$99.30,FALSE,False,FALSE,FALSE,-16.00%,2.00%,-3.00%,734.00%,,,$0.00,$0.00,$0.0,$4.18,$24.10,$24.10,Miscellaneous,2023-04-19,4.00%,$3.92,2025-12-31,$0.35,395.00%,Monthly,218.00%,,425.00%,227.00%,269.00%,283.00%,JP Morgan,1099,C,,,B,,C,,$99.25,$99.25,0.00%,56.00%,-52.00%,38.00%,545.00%,396.00%,$3.93,$0.30,376.00%,0.39,$100.41,$93.77,553,2026-03-18 18:17:58,0.15,"26,164,026",0
BBLB,JPMorgan BetaBuilders U.S. Treasury Bond 20+ Year ETF,Bond,"$6,037,100.00",441,$82.16,FALSE,False,FALSE,FALSE,-73.00%,-149.00%,-20.00%,405.00%,,,$0.00,$0.00,$0.0,-$1.32,$10.05,$10.05,Miscellaneous,2023-04-19,4.00%,$4.14,2025-12-31,$0.41,504.00%,Monthly,213.00%,,2023.00%,652.00%,760.00%,885.00%,JP Morgan,1099,C,,,C,,A,,$82.31,$82.55,-29.00%,92.00%,-258.00%,4.00%,56.00%,513.00%,$4.22,$0.32,1115.00%,-0.31,$85.35,$76.29,492,2026-03-18 18:17:58,0.71,"6,207,144",0
BBSB,JPMorgan BetaBuilders U.S. Treasury Bond 1-3 Year ETF,Bond,"$33,577,900.00",1234,$99.15,FALSE,False,FALSE,FALSE,5.00%,37.00%,-1.00%,510.00%,,,$0.00,$0.00,$0.0,$30.28,$33.30,$33.30,Miscellaneous,2023-04-19,4.00%,$3.66,2025-12-31,$0.33,369.00%,Monthly,142.00%,,40.00%,85.00%,90.00%,107.00%,JP Morgan,1099,C,,,A-,,B-,,$98.84,$98.93,-9.00%,28.00%,-26.00%,34.00%,411.00%,388.00%,$3.84,$0.29,142.00%,0.08,$99.29,$94.89,"1,710",2026-03-18 18:17:59,0.02,"35,093,284",0
HYFI,AB High Yield ETF,Bond,"$307,391,000.00",41041,$37.68,FALSE,False,TRUE,FALSE,7.00%,95.00%,27.00%,898.00%,,,$0.00,-$0.01,$0.0,$120.24,$230.87,$230.87,Miscellaneous,2023-05-15,40.00%,$2.50,2025-12-31,$0.26,664.00%,Monthly,107.00%,,3028.00%,238.00%,309.00%,339.00%,AllianceBernstein Holding,1099,B,,,B-,,B,,$37.14,$37.22,-22.00%,-35.00%,-106.00%,10.00%,777.00%,688.00%,$2.56,$0.20,603.00%,0.62,$37.65,$32.65,"40,445",2026-03-18 18:18:00,0.33,"315,344,608",0
BINC,iShares Flexible Income Active ETF,Bond,"$15,159,300,000.00",1722778,$52.78,FALSE,False,FALSE,FALSE,4.00%,54.00%,2.00%,748.00%,,,$97.38,$712.42,$0.0,"$8,166.81","$15,048.92","$15,048.92",Miscellaneous,2023-05-19,40.00%,$3.09,2025-12-19,$0.43,586.00%,Monthly,119.00%,,479.00%,125.00%,169.00%,179.00%,"BlackRock, Inc.",1099,A,,B-,A,A-,B-,,$52.19,$52.21,-3.00%,-29.00%,-148.00%,-3.00%,561.00%,588.00%,$3.07,$0.21,278.00%,0.58,$53.08,$48.19,"2,738,105",2026-03-18 18:18:01,0.17,"17,362,276,352",0
PYLD,PIMCO Multisector Bond Active Exchange-Traded Fund,Bond,"$10,249,100,000.00",3064939,$26.71,FALSE,False,FALSE,FALSE,3.00%,73.00%,11.00%,952.00%,,,$87.97,$404.02,$0.0,"$7,277.85","$9,980.72","$9,980.72",Intermediate Term Bond,2023-06-22,64.00%,$1.66,2025-12-31,$0.13,620.00%,Monthly,74.00%,,116.00%,226.00%,219.00%,207.00%,Allianz Investment Management LLC,1099,A,,,B+,,A,,$26.38,$26.40,-8.00%,-35.00%,-153.00%,-1.00%,688.00%,632.00%,$1.67,$0.12,319.00%,0.9,$26.83,$23.98,"3,566,601",2026-03-18 18:18:01,0.29,"12,486,077,440",0
SCYB,Schwab High Yield Bond ETF,Bond,"$2,034,010,000.00",786877,$26.45,FALSE,False,FALSE,FALSE,11.00%,63.00%,11.00%,820.00%,,,$13.22,$105.80,$0.0,"$1,264.74","$2,020.80","$2,020.80",Miscellaneous,2023-07-11,3.00%,$1.85,2025-12-19,$0.15,699.00%,Monthly,70.00%,,1174.00%,222.00%,271.00%,332.00%,The Charles Schwab Corp.,1099,A,,,B,,A,,$26.08,$26.14,-25.00%,-29.00%,-95.00%,4.00%,699.00%,700.00%,$1.83,$0.15,547.00%,0.55,$26.41,$23.20,"1,204,679",2026-03-18 18:18:02,0.32,"2,379,301,632",0
CLOX,Eldridge AAA CLO ETF,Bond,"$287,639,000.00",107648,$25.51,FALSE,False,FALSE,FALSE,18.00%,46.00%,0.00%,554.00%,,,$19.09,$38.23,$0.0,$186.21,$287.34,$287.34,Miscellaneous,2023-07-19,20.00%,$1.32,2025-12-29,$0.10,518.00%,Monthly,41.00%,,2262.00%,138.00%,113.00%,128.00%,Eldridge Industries LLC,1099,B,,,B+,,A-,,$25.42,$25.38,15.00%,40.00%,-28.00%,63.00%,488.00%,503.00%,$1.28,$0.09,523.00%,0.17,$25.53,$23.01,"230,216",2026-03-18 18:18:03,0.03,"294,069,632",0
VETZ,Academy Veteran Bond ETF,Bond,"$87,854,400.00",10878,$19.97,FALSE,False,FALSE,FALSE,-14.00%,45.00%,-13.00%,793.00%,,,$0.00,$2.50,$0.0,$13.45,$86.25,$86.25,Miscellaneous,2023-08-01,35.00%,$1.23,2025-12-30,$0.13,615.00%,Monthly,47.00%,,1036.00%,443.00%,431.00%,442.00%,Tidal Financial Group,1099,A-,A-,,,,B-,,$19.99,$20.02,-17.00%,99.00%,-46.00%,98.00%,651.00%,610.00%,$1.22,$0.08,533.00%,0.47,$20.25,$18.48,"5,829",2026-03-18 18:18:04,0.31,"91,185,768",0
GOVI,Invesco Equal Weight 0-30 Year Treasury ETF,Bond,"$884,493,000.00",261914,$27.52,FALSE,False,TRUE,FALSE,-40.00%,-64.00%,-11.00%,568.00%,196.00%,-397.00%,-$1.94,-$20.19,$0.0,-$128.53,$413.90,$914.93,Miscellaneous,2007-10-11,15.00%,$1.14,2025-12-22,$0.09,413.00%,Monthly,61.00%,,1811.00%,422.00%,496.00%,566.00%,Invesco,1099,B-,,C,C+,C,C,,$27.51,$27.55,-15.00%,59.00%,-170.00%,9.00%,299.00%,378.00%,$1.04,$0.08,735.00%,-0.14,$28.23,$25.66,"840,246",2026-03-18 18:18:04,0.34,"1,070,737,408",0
TBLL,Invesco Short Term Treasury ETF,Bond,"$2,244,910,000.00",179459,$105.69,FALSE,False,FALSE,FALSE,7.00%,38.00%,4.00%,425.00%,479.00%,307.00%,-$4.22,-$15.85,$0.0,$255.88,"$1,228.50","$1,402.05",Miscellaneous,2017-01-12,8.00%,$4.68,2025-12-22,$0.35,443.00%,Monthly,126.00%,,58.00%,13.00%,15.00%,18.00%,Invesco,1099,B,,A-,A+,A-,B+,,$105.73,$105.72,1.00%,66.00%,26.00%,83.00%,402.00%,396.00%,$4.19,$0.32,21.00%,0.08,$105.74,$101.61,"404,611",2026-03-18 18:18:05,0.01,"2,425,492,736",0
HYSA,BondBloxx USD High Yield Bond Sector Rotation ETF,Bond,"$32,125,600.00",14634,$15.19,FALSE,False,FALSE,FALSE,25.00%,64.00%,23.00%,781.00%,,,$0.00,$0.61,$0.0,$2.83,$4.88,-$18.68,Miscellaneous,2023-09-18,55.00%,$1.01,2025-12-30,$0.09,668.00%,Monthly,39.00%,,1125.00%,288.00%,401.00%,402.00%,Bondbloxx Investment Management Corp.,1099,C+,,,C+,,B,,$14.88,$14.87,7.00%,-101.00%,-109.00%,-49.00%,584.00%,679.00%,$1.01,$0.07,586.00%,0.31,$15.21,$13.33,"16,800",2026-03-18 18:18:06,0.3,"31,307,928",0
VSHY,Virtus Newfleet Short Duration High Yield Bond ETF,Bond,"$31,130,800.00",1117,$21.80,FALSE,False,FALSE,FALSE,-11.00%,37.00%,-2.00%,682.00%,911.00%,429.00%,$0.00,$0.00,$0.0,$25.70,$26.82,$25.73,Miscellaneous,2016-12-05,39.00%,$1.34,2025-12-22,$0.17,614.00%,Monthly,50.00%,,1641.00%,207.00%,299.00%,299.00%,Virtus Investment Partners,1099,C,,B,A-,B-,B-,,$21.68,$21.70,-9.00%,23.00%,-60.00%,32.00%,630.00%,655.00%,$1.42,$0.11,476.00%,0.48,$21.91,$19.43,"3,074",2026-03-18 18:18:07,0.34,"30,621,436",0
SMTH,ALPS | Smith Core Plus Bond ETF,Bond,"$2,357,780,000.00",315209,$26.06,FALSE,False,FALSE,FALSE,-17.00%,-8.00%,-6.00%,696.00%,,,$9.12,$80.68,$0.0,$961.90,"$2,322.50","$2,322.50",Intermediate Term Bond,2023-12-06,59.00%,$1.16,2025-12-18,$0.10,446.00%,Monthly,58.00%,,697.00%,269.00%,302.00%,323.00%,SS&C,1099,A-,,,C+,,B,,$25.96,$25.96,-1.00%,30.00%,-110.00%,14.00%,491.00%,445.00%,$1.16,$0.09,420.00%,0.22,$26.36,$24.16,"267,953",2026-03-18 18:18:08,0.15,"2,555,301,632",0
CPLS,AB Core Plus Bond ETF,Bond,"$196,772,000.00",18981,$35.58,FALSE,False,TRUE,FALSE,-6.00%,15.00%,13.00%,694.00%,,,$0.00,-$1.79,$0.0,$135.51,$168.83,$168.83,Intermediate Term Bond,2023-12-13,30.00%,$1.65,2025-12-31,$0.20,465.00%,Monthly,81.00%,,588.00%,251.00%,290.00%,311.00%,AllianceBernstein Holding,1099,B-,,,B-,,B,,$35.33,$35.37,-9.00%,0.00%,-133.00%,3.00%,500.00%,467.00%,$1.65,$0.13,427.00%,0.23,$35.89,$32.80,"42,173",2026-03-18 18:18:08,0.17,"215,555,088",0
EYEG,AB Corporate Bond ETF,Bond,"$26,988,400.00",2977,$35.71,FALSE,False,FALSE,FALSE,-37.00%,-10.00%,-16.00%,730.00%,,,$0.00,-$0.01,$0.0,$1.76,$1.76,$1.76,Miscellaneous,2023-12-13,30.00%,$1.77,2025-12-31,$0.19,495.00%,Monthly,92.00%,,977.00%,283.00%,351.00%,372.00%,AllianceBernstein Holding,1099,C,,,C+,,A,,$35.34,$35.17,47.00%,-26.00%,-173.00%,-14.00%,474.00%,500.00%,$1.77,$0.14,513.00%,0.14,$35.99,$32.42,163,2026-03-18 18:18:09,0.23,"27,030,820",0
TAFL,AB Tax-Aware Long Municipal ETF,Bond,"$42,583,100.00",16212,$25.08,FALSE,False,TRUE,FALSE,51.00%,51.00%,32.00%,375.00%,,,$0.00,-$1.25,$0.0,$7.52,$17.60,$17.60,Miscellaneous,2023-12-13,28.00%,$1.03,2025-12-31,$0.10,410.00%,Monthly,55.00%,,906.00%,197.00%,278.00%,373.00%,AllianceBernstein Holding,1099,C+,,,C,,A,,$25.06,$25.09,-14.00%,62.00%,-38.00%,148.00%,442.00%,411.00%,$1.03,$0.09,570.00%,0.07,$25.46,$22.53,"8,308",2026-03-18 18:18:10,0.23,"49,581,956",0
TAFM,AB Tax-Aware Intermediate Municipal ETF,Bond,"$451,169,000.00",86792,$25.45,FALSE,False,FALSE,FALSE,14.00%,-20.00%,12.00%,438.00%,,,$12.74,$30.55,$0.0,$323.47,$418.89,$418.89,Miscellaneous,2023-12-13,28.00%,$0.89,2025-12-31,$0.09,350.00%,Monthly,47.00%,,157.00%,136.00%,293.00%,308.00%,AllianceBernstein Holding,1099,B,,,C+,,B+,,$25.54,$25.55,-4.00%,95.00%,-64.00%,107.00%,472.00%,358.00%,$0.92,$0.08,598.00%,0.12,$25.85,$23.25,"125,199",2026-03-18 18:18:11,0.19,"500,000,544",0
ZTEN,F/M 10-Year Investment Grade Corporate Bond Etf,Bond,"$28,786,200.00",1617,$51.23,FALSE,False,FALSE,FALSE,-44.00%,12.00%,-15.00%,897.00%,,,$0.00,$0.00,$0.0,-$32.60,$28.06,$28.06,Miscellaneous,2024-01-10,15.00%,$2.65,2025-12-30,$0.21,517.00%,Monthly,154.00%,,769.00%,329.00%,393.00%,404.00%,F/m Investments,1099,C+,,,C,,A-,,$50.77,$50.84,-14.00%,-8.00%,-164.00%,-17.00%,671.00%,515.00%,$2.62,$0.21,560.00%,0.48,$51.77,$45.82,"3,889",2026-03-18 18:18:11,0.25,"28,949,122",0
ZTWO,F/M 2-Year Investment Grade Corporate Bond Etf,Bond,"$20,328,600.00",814,$50.84,FALSE,False,FALSE,FALSE,9.00%,51.00%,6.00%,560.00%,,,$0.00,$0.00,$0.0,-$129.63,$19.65,$19.65,Miscellaneous,2024-01-10,15.00%,$2.19,2025-12-30,$0.17,431.00%,Monthly,80.00%,,94.00%,91.00%,97.00%,107.00%,F/m Investments,1099,B-,,,A,,B-,,$50.61,$50.58,7.00%,22.00%,-37.00%,47.00%,462.00%,421.00%,$2.13,$0.17,150.00%,0.41,$50.87,$48.33,"1,990",2026-03-18 18:18:12,0.03,"18,308,452",0
BBBI,BondBloxx BBB Rated 5-10 Year Corporate Bond ETF,Bond,"$78,254,000.00",15512,$52.03,FALSE,False,FALSE,FALSE,-21.00%,29.00%,-2.00%,919.00%,,,$0.00,$20.87,$0.0,$66.52,$74.17,$74.17,Miscellaneous,2024-01-25,19.00%,$2.55,2025-12-30,$0.20,490.00%,Monthly,154.00%,,629.00%,302.00%,322.00%,339.00%,Bondbloxx Investment Management Corp.,1099,C,,,B,,B+,,$51.60,$51.70,-18.00%,-14.00%,-147.00%,-13.00%,694.00%,490.00%,$2.53,$0.19,469.00%,0.63,$52.55,$46.78,"19,283",2026-03-18 18:18:13,0.21,"152,751,520",0
BBBL,BondBloxx BBB Rated 10+ Year Corporate Bond ETF,Bond,"$4,861,900.00",1198,$48.27,FALSE,False,FALSE,FALSE,-67.00%,-72.00%,-8.00%,697.00%,,,$0.00,$0.00,$0.0,-$7.24,$2.61,$2.61,Miscellaneous,2024-01-25,19.00%,$2.79,2025-12-30,$0.23,577.00%,Monthly,156.00%,,1841.00%,589.00%,665.00%,688.00%,Bondbloxx Investment Management Corp.,1099,C,,,C,,A-,,$47.70,$47.70,0.00%,-29.00%,-300.00%,-61.00%,416.00%,582.00%,$2.78,$0.21,974.00%,0.02,$49.39,$42.92,506,2026-03-18 18:18:14,0.45,"4,926,310",0
BBBS,BondBloxx BBB Rated 1-5 Year Corporate Bond ETF,Bond,"$172,539,000.00",24683,$51.48,FALSE,False,FALSE,FALSE,1.00%,55.00%,0.00%,668.00%,,,$0.00,-$10.30,$0.0,$109.53,$167.20,$167.20,Miscellaneous,2024-01-25,19.00%,$2.34,2025-12-30,$0.24,455.00%,Monthly,102.00%,,546.00%,128.00%,145.00%,150.00%,Bondbloxx Investment Management Corp.,1099,B-,,,A-,,B-,,$51.15,$51.18,-5.00%,9.00%,-70.00%,29.00%,544.00%,458.00%,$2.34,$0.17,214.00%,0.67,$51.64,$47.97,"36,863",2026-03-18 18:18:15,0.07,"155,317,504",0
DCRE,DoubleLine Commercial Real Estate ETF,Bond,"$334,558,000.00",25070,$51.93,FALSE,False,FALSE,FALSE,6.00%,25.00%,6.00%,592.00%,,,$0.00,$2.08,$0.0,$108.68,$329.71,$329.71,Miscellaneous,2023-03-31,40.00%,$2.76,2025-12-23,$0.20,532.00%,Monthly,89.00%,,21.00%,79.00%,82.00%,92.00%,Doubleline ETF Holdings LP,1099,B,,,A+,,A-,,$51.94,$51.98,-8.00%,80.00%,-22.00%,94.00%,544.00%,480.00%,$2.49,$0.19,142.00%,1.02,$52.37,$49.20,"28,565",2026-03-18 18:18:16,0.04,"349,588,704",0
JLQD,Janus Henderson Corporate Bond ETF,Bond,"$25,218,000.00",472,$41.96,FALSE,False,FALSE,FALSE,-23.00%,11.00%,-7.00%,766.00%,652.00%,,$0.00,$0.00,$0.0,-$6.20,-$6.20,$2.60,Miscellaneous,2021-09-08,20.00%,$2.39,2025-12-22,$0.19,571.00%,Monthly,107.00%,,1381.00%,237.00%,277.00%,316.00%,Janus Henderson,1099,C,,C+,B-,C+,A-,,$41.53,$41.53,0.00%,-18.00%,-146.00%,-12.00%,513.00%,533.00%,$2.22,$0.18,489.00%,0.23,$42.23,$38.30,488,2026-03-18 18:18:16,0.38,"25,286,126",0
SYFI,AB Short Duration High Yield ETF,Bond,"$863,321,000.00",120681,$35.90,FALSE,False,TRUE,FALSE,4.00%,69.00%,-8.00%,691.00%,,,$9.00,$16.18,$0.0,$85.54,$168.27,$168.27,Miscellaneous,2024-06-10,40.00%,$2.23,2025-12-31,$0.19,620.00%,Monthly,80.00%,,779.00%,171.00%,225.00%,284.00%,AllianceBernstein Holding,1099,B+,,,B+,,C+,,$35.53,$35.56,-10.00%,-7.00%,-70.00%,23.00%,620.00%,636.00%,$2.26,$0.17,459.00%,0.48,$35.87,$31.63,"157,576",2026-03-18 18:18:17,0.19,"893,308,480",0
SDFI,AB Short Duration Income ETF,Bond,"$152,292,000.00",19805,$35.79,FALSE,False,FALSE,FALSE,-1.00%,45.00%,-1.00%,630.00%,,,$0.00,$5.38,$0.0,$58.81,$48.21,$48.21,Intermediate Term Bond,2024-06-10,30.00%,$1.67,2025-12-31,$0.16,466.00%,Monthly,66.00%,,307.00%,142.00%,148.00%,155.00%,AllianceBernstein Holding,1099,B-,,,B+,,A-,,$35.68,$35.69,-1.00%,41.00%,-23.00%,51.00%,526.00%,467.00%,$1.67,$0.12,239.00%,0.53,$36.03,$33.67,"32,489",2026-03-18 18:18:18,0.05,"166,849,296",0
BMDL,VictoryShares WestEnd Economic Cycle Bond ETF,Bond,"$113,657,000.00",123,$25.19,FALSE,False,FALSE,FALSE,-24.00%,-14.00%,-4.00%,642.00%,,,$0.00,$0.00,$0.0,$50.06,$111.54,$111.54,Intermediate Term Bond,2024-06-21,40.00%,$1.00,2025-12-11,$0.18,397.00%,Monthly,53.00%,,582.00%,248.00%,311.00%,346.00%,Victory Capital,1099,C,,,C+,,C+,,$25.24,$25.24,0.00%,0.00%,0.00%,0.00%,436.00%,396.00%,$1.00,$0.18,410.00%,0.09,$25.32,$23.90,27,2026-03-18 18:18:19,0.12,"113,366,000",0.039594
FLXR,TCW Flexible Income ETF,Bond,"$2,441,970,000.00",391686,$39.58,FALSE,False,FALSE,FALSE,5.00%,47.00%,-5.00%,828.00%,,,$8.69,$161.06,$0.0,"$1,895.81","$2,035.05","$2,035.05",Intermediate Term Bond,2024-06-24,40.00%,$2.24,2025-12-17,$0.20,566.00%,Monthly,95.00%,,198.00%,171.00%,221.00%,199.00%,"The TCW Group, Inc.",1099,A-,,,A-,,A,,$39.36,$39.37,-3.00%,45.00%,-52.00%,60.00%,667.00%,561.00%,$2.21,$0.20,243.00%,1.1,$39.67,$36.49,"404,635",2026-03-18 18:18:19,0.1,"2,772,100,352",0
CGHM,Capital Group Municipal High-Income ETF,Bond,"$2,482,060,000.00",326203,$25.47,FALSE,False,FALSE,FALSE,20.00%,28.00%,-4.00%,393.00%,,,$29.17,$67.32,$0.0,"$2,321.49","$2,387.44","$2,387.44",Miscellaneous,2024-06-25,34.00%,$0.84,2025-12-24,$0.11,330.00%,Monthly,55.00%,,519.00%,126.00%,232.00%,285.00%,The Capital Group Companies,1099,A,,,B-,,A-,,$25.64,$25.62,6.00%,128.00%,-46.00%,153.00%,511.00%,368.00%,$0.94,$0.10,488.00%,0.23,$25.96,$22.66,"378,626",2026-03-18 18:18:20,0.25,"2,749,462,784",0
MMKT,Texas Capital Government Money Market ETF,Bond,"$70,140,000.00",9653,$100.21,FALSE,False,FALSE,FALSE,3.00%,33.00%,0.00%,405.00%,,,$0.00,$5.01,$0.0,$27.56,$67.61,$67.61,Miscellaneous,2024-09-24,20.00%,$3.93,2025-12-26,$0.12,392.00%,,115.00%,,0.00%,17.00%,25.00%,27.00%,"Texas Capital Bancshares, Inc.",1099,A+,,,A+,,A,,$100.25,$100.25,0.00%,68.00%,27.00%,85.00%,398.00%,386.00%,$3.87,$0.08,25.00%,-0.08,$100.26,$96.27,"13,067",2026-03-18 18:18:21,-0.04,"77,681,536",0
EDGF,3EDGE Dynamic Fixed Income ETF,Bond,"$292,822,000.00",108791,$24.63,FALSE,False,TRUE,FALSE,-5.00%,1.00%,-8.00%,423.00%,,,$0.02,$9.44,$0.0,$166.48,$295.20,$295.20,Intermediate Term Bond,2024-10-03,80.00%,$0.89,2025-12-30,$0.33,361.00%,Quarterly,33.00%,,301.00%,187.00%,207.00%,208.00%,3EDGE Asset Management LP,1099,B+,,,A-,,C,,$24.81,$24.81,0.00%,73.00%,-4.00%,55.00%,385.00%,359.00%,$0.89,$0.33,250.00%,-0.06,$26.71,$23.31,"224,218",2026-03-18 18:18:22,-0.29,"351,952,256",0
HYBI,NEOS Enhanced Income Credit Select ETF,Bond,"$194,443,000.00",27084,$50.37,FALSE,False,FALSE,FALSE,10.00%,18.00%,8.00%,463.00%,,,$0.00,$14.62,$0.0,$59.73,$64.38,$64.38,Intermediate Term Bond,2024-09-30,68.00%,$3.31,2025-10-22,$0.35,658.00%,Monthly,102.00%,,1711.00%,298.00%,368.00%,393.00%,Neos Investments LLC,1099,B-,,,B+,,A-,,$49.47,$49.47,-1.00%,21.00%,-65.00%,62.00%,718.00%,909.00%,$4.50,$0.34,558.00%,0.57,$49.98,$43.24,"21,231",2026-03-18 18:18:22,-0.44,"207,007,568",0
TLTP,Amplify TLT U.S. Treasury 12% Option Income ETF,Bond,"$24,997,500.00",22441,$21.99,FALSE,False,FALSE,FALSE,-50.00%,-72.00%,-23.00%,514.00%,,,-$0.66,$1.11,$0.0,$19.36,$26.59,$26.59,Miscellaneous,2024-10-29,38.00%,$2.76,2025-12-30,$0.22,1256.00%,Monthly,54.00%,,1808.00%,548.00%,641.00%,681.00%,Amplify Investments,1099,C,,,C+,,A,,$21.69,$21.75,-26.00%,64.00%,-263.00%,23.00%,177.00%,1259.00%,$2.73,$0.23,926.00%,-0.24,$22.47,$19.86,"21,650",2026-03-18 18:18:23,0.58,"29,096,252",0
TLTI,NEOS Enhanced Income 20+ Year Treasury Bond ETF,Bond,"$8,818,300.00",4613,$46.04,FALSE,False,FALSE,FALSE,-69.00%,-144.00%,-7.00%,435.00%,,,$0.00,$0.46,$0.0,$8.04,$9.04,$9.04,Miscellaneous,2024-12-11,58.00%,$2.92,2025-12-24,$0.23,634.00%,Monthly,120.00%,,1038.00%,688.00%,749.00%,857.00%,Neos Investments LLC,1099,C,,,C,,A,,$46.05,$46.05,0.00%,154.00%,-202.00%,72.00%,207.00%,675.00%,$3.11,$0.24,1113.00%,-0.17,$47.96,$41.89,"9,738",2026-03-18 18:18:24,0.87,"12,402,535",0
HIMU,iShares High Yield Muni Active ETF,Bond,"$2,364,510,000.00",240889,$48.72,FALSE,False,FALSE,FALSE,19.00%,-8.00%,8.00%,,,,$16.48,$42.70,$0.0,-$388.73,-$388.73,-$388.73,Miscellaneous,2025-02-07,42.00%,$2.22,2025-12-19,$0.23,456.00%,Monthly,,,10.00%,187.00%,243.00%,360.00%,"BlackRock, Inc.",1099,A-,,,C,,C,,$48.49,$48.51,-6.00%,34.00%,-105.00%,61.00%,222.00%,518.00%,$2.51,$0.20,796.00%,-0.22,$49.27,$44.01,"870,344",2026-03-18 18:18:25,0.43,"2,651,808,512",0
RBIL,F/m Ultrashort Treasury Inflation-Protected Security (TIPS) ETF,Bond,"$43,213,900.00",19419,$49.70,FALSE,False,FALSE,FALSE,8.00%,16.00%,7.00%,,,,$0.00,-$3.49,$0.0,$43.55,$43.55,$43.55,Miscellaneous,2025-02-24,17.00%,$1.81,2025-12-16,$0.26,365.00%,Monthly,,,4.00%,50.00%,53.00%,51.00%,1251 Capital Group Inc.,1099,B-,,,A+,,C,,$49.98,$49.91,14.00%,138.00%,110.00%,156.00%,404.00%,444.00%,$2.22,$0.18,98.00%,0.04,$49.99,$48.00,"39,913",2026-03-18 18:18:25,-0.11,"40,286,872",0
PRIV,SPDR SSGA IG Public & Private Credit ETF,Bond,"$96,769,800.00",123025,$25.39,FALSE,False,FALSE,FALSE,-26.00%,10.00%,-12.00%,,,,$0.00,-$8.89,$0.0,$44.52,$44.52,$44.52,Intermediate Term Bond,2025-02-26,70.00%,$0.95,2025-12-18,$0.10,375.00%,Monthly,,,458.00%,248.00%,285.00%,309.00%,State Street,1099,B+,,,B,,C,,$25.29,$25.33,-18.00%,31.00%,-142.00%,22.00%,583.00%,446.00%,$1.13,$0.08,412.00%,0.44,$25.71,$23.27,"271,487",2026-03-18 18:18:26,0.28,"853,497,600",0
BMAX,REX Bitcoin Corporate Treasury Convertible Bond ETF,Bond,"$10,953,400.00",3784,$23.22,FALSE,False,FALSE,FALSE,-2.00%,-119.00%,79.00%,,,,$0.00,$0.00,$0.0,$0.00,$0.00,$0.00,Miscellaneous,2025-03-14,114.00%,$0.00,,,0.00%,,,,6448.00%,2559.00%,2602.00%,2422.00%,Rex Financial LLC,1099,C+,,,C,,C,,$23.68,$23.21,206.00%,199.00%,315.00%,22.00%,-728.00%,,,,3280.00%,-0.34,$33.20,$22.00,830,2026-03-18 18:18:27,-1.94,"5,901,245",0
VCRM,Vanguard Core Tax-Exempt Bond ETF,Bond,"$818,962,000.00",117564,$75.60,FALSE,False,FALSE,FALSE,17.00%,36.00%,4.00%,471.00%,,,$3.02,$102.65,$0.0,$753.13,$766.66,$766.66,Miscellaneous,2024-11-21,12.00%,$2.88,2025-12-18,$0.24,382.00%,Monthly,154.00%,,146.00%,98.00%,187.00%,262.00%,Vanguard,1099,B+,,,B-,,C+,,$75.66,$75.74,-11.00%,68.00%,-88.00%,90.00%,518.00%,354.00%,$2.68,$0.23,389.00%,0.3,$76.82,$68.17,"234,094",2026-03-18 18:18:27,0.3,"1,169,040,256",0
VSDM,Vanguard Short Duration Tax-Exempt Bond ETF,Bond,"$348,338,000.00",52138,$76.45,FALSE,False,FALSE,FALSE,15.00%,39.00%,0.00%,538.00%,,,$1.53,$47.34,$0.0,$299.08,$305.10,$305.10,Miscellaneous,2024-11-05,12.00%,$2.60,2025-12-18,$0.20,340.00%,Monthly,128.00%,,470.00%,91.00%,84.00%,117.00%,Vanguard,1099,C+,,,A-,,C,,$76.79,$76.78,1.00%,96.00%,-38.00%,103.00%,512.00%,303.00%,$2.33,$0.20,199.00%,0.56,$77.30,$71.62,"94,786",2026-03-18 18:18:28,0.16,"495,551,296",0
ZTOP,F/m High Yield 100 ETF,Bond,"$19,295,900.00",1278,$52.20,FALSE,False,TRUE,FALSE,12.00%,85.00%,-4.00%,,,,$0.00,$0.00,$0.0,$18.92,$18.92,$18.92,Miscellaneous,2025-04-14,39.00%,$2.29,2025-12-30,$0.12,439.00%,Monthly,,,185.00%,162.00%,256.00%,290.00%,1251 Capital Group Inc.,1099,C+,,,A-,,C,,$51.48,$51.56,-16.00%,-8.00%,-99.00%,31.00%,799.00%,578.00%,$2.98,$0.28,311.00%,1.28,$52.15,$47.63,"1,311",2026-03-18 18:18:29,-0.35,"17,754,934",0
ACVT,Advent Convertible Bond ETF,Bond,"$27,359,600.00",445,$26.80,FALSE,False,TRUE,FALSE,-47.00%,74.00%,15.00%,,,,$0.00,$0.00,$0.0,$25.74,$25.74,$25.74,Miscellaneous,2025-04-30,65.00%,$0.32,2025-12-30,$0.08,119.00%,Monthly,,,700.00%,359.00%,497.00%,491.00%,Advent Capital Management LLC,1099,C,,,,,C,,$26.61,$26.61,0.00%,-46.00%,-27.00%,-26.00%,777.00%,145.00%,$0.39,$0.03,519.00%,0.73,$27.13,$24.69,"3,710",2026-03-18 18:18:30,0.41,"28,495,552",0
RCLO,Reckoner BBB-B CLO ETF,Bond,"$27,515,600.00",,,FALSE,False,FALSE,FALSE,,,,,,,$0.00,$0.00,$0.0,$27.50,$27.50,$27.50,Miscellaneous,2025-10-22,50.00%,,,,,Monthly,,,,,,,Reckoner Capital Management LLC,1099,,,,,,,,$24.63,$24.68,-22.00%,-82.00%,-183.00%,-42.00%,56.00%,249.00%,$0.61,$0.13,352.00%,-0.98,$25.10,$24.14,"6,571",2026-03-18 18:18:30,,,0